--
-- PostgreSQL database dump
--

-- Dumped from database version 17.0
-- Dumped by pg_dump version 17.0

-- Started on 2024-12-26 16:39:32

SET statement_timeout = 0;
SET lock_timeout = 0;
SET idle_in_transaction_session_timeout = 0;
SET transaction_timeout = 0;
SET client_encoding = 'UTF8';
SET standard_conforming_strings = on;
SELECT pg_catalog.set_config('search_path', '', false);
SET check_function_bodies = false;
SET xmloption = content;
SET client_min_messages = warning;
SET row_security = off;

SET default_tablespace = '';

SET default_table_access_method = heap;

--
-- TOC entry 241 (class 1259 OID 16774)
-- Name: araclar_araclar; Type: TABLE; Schema: public; Owner: yusuf
--

CREATE TABLE public.araclar_araclar (
    id bigint NOT NULL,
    arac_adi character varying(100) NOT NULL,
    ortalama_menzil integer NOT NULL,
    max_menzil integer NOT NULL,
    min_menzil integer NOT NULL
);


ALTER TABLE public.araclar_araclar OWNER TO yusuf;

--
-- TOC entry 240 (class 1259 OID 16773)
-- Name: araclar_araclar_id_seq; Type: SEQUENCE; Schema: public; Owner: yusuf
--

ALTER TABLE public.araclar_araclar ALTER COLUMN id ADD GENERATED BY DEFAULT AS IDENTITY (
    SEQUENCE NAME public.araclar_araclar_id_seq
    START WITH 1
    INCREMENT BY 1
    NO MINVALUE
    NO MAXVALUE
    CACHE 1
);


--
-- TOC entry 224 (class 1259 OID 16531)
-- Name: auth_group; Type: TABLE; Schema: public; Owner: yusuf
--

CREATE TABLE public.auth_group (
    id integer NOT NULL,
    name character varying(150) NOT NULL
);


ALTER TABLE public.auth_group OWNER TO yusuf;

--
-- TOC entry 223 (class 1259 OID 16530)
-- Name: auth_group_id_seq; Type: SEQUENCE; Schema: public; Owner: yusuf
--

ALTER TABLE public.auth_group ALTER COLUMN id ADD GENERATED BY DEFAULT AS IDENTITY (
    SEQUENCE NAME public.auth_group_id_seq
    START WITH 1
    INCREMENT BY 1
    NO MINVALUE
    NO MAXVALUE
    CACHE 1
);


--
-- TOC entry 226 (class 1259 OID 16539)
-- Name: auth_group_permissions; Type: TABLE; Schema: public; Owner: yusuf
--

CREATE TABLE public.auth_group_permissions (
    id bigint NOT NULL,
    group_id integer NOT NULL,
    permission_id integer NOT NULL
);


ALTER TABLE public.auth_group_permissions OWNER TO yusuf;

--
-- TOC entry 225 (class 1259 OID 16538)
-- Name: auth_group_permissions_id_seq; Type: SEQUENCE; Schema: public; Owner: yusuf
--

ALTER TABLE public.auth_group_permissions ALTER COLUMN id ADD GENERATED BY DEFAULT AS IDENTITY (
    SEQUENCE NAME public.auth_group_permissions_id_seq
    START WITH 1
    INCREMENT BY 1
    NO MINVALUE
    NO MAXVALUE
    CACHE 1
);


--
-- TOC entry 222 (class 1259 OID 16525)
-- Name: auth_permission; Type: TABLE; Schema: public; Owner: yusuf
--

CREATE TABLE public.auth_permission (
    id integer NOT NULL,
    name character varying(255) NOT NULL,
    content_type_id integer NOT NULL,
    codename character varying(100) NOT NULL
);


ALTER TABLE public.auth_permission OWNER TO yusuf;

--
-- TOC entry 221 (class 1259 OID 16524)
-- Name: auth_permission_id_seq; Type: SEQUENCE; Schema: public; Owner: yusuf
--

ALTER TABLE public.auth_permission ALTER COLUMN id ADD GENERATED BY DEFAULT AS IDENTITY (
    SEQUENCE NAME public.auth_permission_id_seq
    START WITH 1
    INCREMENT BY 1
    NO MINVALUE
    NO MAXVALUE
    CACHE 1
);


--
-- TOC entry 228 (class 1259 OID 16545)
-- Name: auth_user; Type: TABLE; Schema: public; Owner: yusuf
--

CREATE TABLE public.auth_user (
    id integer NOT NULL,
    password character varying(128) NOT NULL,
    last_login timestamp with time zone,
    is_superuser boolean NOT NULL,
    username character varying(150) NOT NULL,
    first_name character varying(150) NOT NULL,
    last_name character varying(150) NOT NULL,
    email character varying(254) NOT NULL,
    is_staff boolean NOT NULL,
    is_active boolean NOT NULL,
    date_joined timestamp with time zone NOT NULL
);


ALTER TABLE public.auth_user OWNER TO yusuf;

--
-- TOC entry 230 (class 1259 OID 16553)
-- Name: auth_user_groups; Type: TABLE; Schema: public; Owner: yusuf
--

CREATE TABLE public.auth_user_groups (
    id bigint NOT NULL,
    user_id integer NOT NULL,
    group_id integer NOT NULL
);


ALTER TABLE public.auth_user_groups OWNER TO yusuf;

--
-- TOC entry 229 (class 1259 OID 16552)
-- Name: auth_user_groups_id_seq; Type: SEQUENCE; Schema: public; Owner: yusuf
--

ALTER TABLE public.auth_user_groups ALTER COLUMN id ADD GENERATED BY DEFAULT AS IDENTITY (
    SEQUENCE NAME public.auth_user_groups_id_seq
    START WITH 1
    INCREMENT BY 1
    NO MINVALUE
    NO MAXVALUE
    CACHE 1
);


--
-- TOC entry 227 (class 1259 OID 16544)
-- Name: auth_user_id_seq; Type: SEQUENCE; Schema: public; Owner: yusuf
--

ALTER TABLE public.auth_user ALTER COLUMN id ADD GENERATED BY DEFAULT AS IDENTITY (
    SEQUENCE NAME public.auth_user_id_seq
    START WITH 1
    INCREMENT BY 1
    NO MINVALUE
    NO MAXVALUE
    CACHE 1
);


--
-- TOC entry 232 (class 1259 OID 16559)
-- Name: auth_user_user_permissions; Type: TABLE; Schema: public; Owner: yusuf
--

CREATE TABLE public.auth_user_user_permissions (
    id bigint NOT NULL,
    user_id integer NOT NULL,
    permission_id integer NOT NULL
);


ALTER TABLE public.auth_user_user_permissions OWNER TO yusuf;

--
-- TOC entry 231 (class 1259 OID 16558)
-- Name: auth_user_user_permissions_id_seq; Type: SEQUENCE; Schema: public; Owner: yusuf
--

ALTER TABLE public.auth_user_user_permissions ALTER COLUMN id ADD GENERATED BY DEFAULT AS IDENTITY (
    SEQUENCE NAME public.auth_user_user_permissions_id_seq
    START WITH 1
    INCREMENT BY 1
    NO MINVALUE
    NO MAXVALUE
    CACHE 1
);


--
-- TOC entry 237 (class 1259 OID 16717)
-- Name: bız_aboutus; Type: TABLE; Schema: public; Owner: yusuf
--

CREATE TABLE public."bız_aboutus" (
    id bigint NOT NULL,
    content text NOT NULL,
    last_updated timestamp with time zone NOT NULL
);


ALTER TABLE public."bız_aboutus" OWNER TO yusuf;

--
-- TOC entry 236 (class 1259 OID 16716)
-- Name: bız_aboutus_id_seq; Type: SEQUENCE; Schema: public; Owner: yusuf
--

ALTER TABLE public."bız_aboutus" ALTER COLUMN id ADD GENERATED BY DEFAULT AS IDENTITY (
    SEQUENCE NAME public."bız_aboutus_id_seq"
    START WITH 1
    INCREMENT BY 1
    NO MINVALUE
    NO MAXVALUE
    CACHE 1
);


--
-- TOC entry 234 (class 1259 OID 16617)
-- Name: django_admin_log; Type: TABLE; Schema: public; Owner: yusuf
--

CREATE TABLE public.django_admin_log (
    id integer NOT NULL,
    action_time timestamp with time zone NOT NULL,
    object_id text,
    object_repr character varying(200) NOT NULL,
    action_flag smallint NOT NULL,
    change_message text NOT NULL,
    content_type_id integer,
    user_id integer NOT NULL,
    CONSTRAINT django_admin_log_action_flag_check CHECK ((action_flag >= 0))
);


ALTER TABLE public.django_admin_log OWNER TO yusuf;

--
-- TOC entry 233 (class 1259 OID 16616)
-- Name: django_admin_log_id_seq; Type: SEQUENCE; Schema: public; Owner: yusuf
--

ALTER TABLE public.django_admin_log ALTER COLUMN id ADD GENERATED BY DEFAULT AS IDENTITY (
    SEQUENCE NAME public.django_admin_log_id_seq
    START WITH 1
    INCREMENT BY 1
    NO MINVALUE
    NO MAXVALUE
    CACHE 1
);


--
-- TOC entry 220 (class 1259 OID 16517)
-- Name: django_content_type; Type: TABLE; Schema: public; Owner: yusuf
--

CREATE TABLE public.django_content_type (
    id integer NOT NULL,
    app_label character varying(100) NOT NULL,
    model character varying(100) NOT NULL
);


ALTER TABLE public.django_content_type OWNER TO yusuf;

--
-- TOC entry 219 (class 1259 OID 16516)
-- Name: django_content_type_id_seq; Type: SEQUENCE; Schema: public; Owner: yusuf
--

ALTER TABLE public.django_content_type ALTER COLUMN id ADD GENERATED BY DEFAULT AS IDENTITY (
    SEQUENCE NAME public.django_content_type_id_seq
    START WITH 1
    INCREMENT BY 1
    NO MINVALUE
    NO MAXVALUE
    CACHE 1
);


--
-- TOC entry 218 (class 1259 OID 16509)
-- Name: django_migrations; Type: TABLE; Schema: public; Owner: yusuf
--

CREATE TABLE public.django_migrations (
    id bigint NOT NULL,
    app character varying(255) NOT NULL,
    name character varying(255) NOT NULL,
    applied timestamp with time zone NOT NULL
);


ALTER TABLE public.django_migrations OWNER TO yusuf;

--
-- TOC entry 217 (class 1259 OID 16508)
-- Name: django_migrations_id_seq; Type: SEQUENCE; Schema: public; Owner: yusuf
--

ALTER TABLE public.django_migrations ALTER COLUMN id ADD GENERATED BY DEFAULT AS IDENTITY (
    SEQUENCE NAME public.django_migrations_id_seq
    START WITH 1
    INCREMENT BY 1
    NO MINVALUE
    NO MAXVALUE
    CACHE 1
);


--
-- TOC entry 235 (class 1259 OID 16645)
-- Name: django_session; Type: TABLE; Schema: public; Owner: yusuf
--

CREATE TABLE public.django_session (
    session_key character varying(40) NOT NULL,
    session_data text NOT NULL,
    expire_date timestamp with time zone NOT NULL
);


ALTER TABLE public.django_session OWNER TO yusuf;

--
-- TOC entry 249 (class 1259 OID 16992)
-- Name: electric_cars; Type: TABLE; Schema: public; Owner: yusuf
--

CREATE TABLE public.electric_cars (
    id integer NOT NULL,
    car_name character varying(255) NOT NULL,
    average_range integer NOT NULL
);


ALTER TABLE public.electric_cars OWNER TO yusuf;

--
-- TOC entry 248 (class 1259 OID 16991)
-- Name: electric_cars_id_seq; Type: SEQUENCE; Schema: public; Owner: yusuf
--

CREATE SEQUENCE public.electric_cars_id_seq
    AS integer
    START WITH 1
    INCREMENT BY 1
    NO MINVALUE
    NO MAXVALUE
    CACHE 1;


ALTER SEQUENCE public.electric_cars_id_seq OWNER TO yusuf;

--
-- TOC entry 5046 (class 0 OID 0)
-- Dependencies: 248
-- Name: electric_cars_id_seq; Type: SEQUENCE OWNED BY; Schema: public; Owner: yusuf
--

ALTER SEQUENCE public.electric_cars_id_seq OWNED BY public.electric_cars.id;


--
-- TOC entry 243 (class 1259 OID 16780)
-- Name: hakkimizda_hakkimizda; Type: TABLE; Schema: public; Owner: yusuf
--

CREATE TABLE public.hakkimizda_hakkimizda (
    id bigint NOT NULL,
    baslik character varying(120),
    metin text NOT NULL,
    tarih timestamp with time zone NOT NULL
);


ALTER TABLE public.hakkimizda_hakkimizda OWNER TO yusuf;

--
-- TOC entry 242 (class 1259 OID 16779)
-- Name: hakkimizda_hakkimizda_id_seq; Type: SEQUENCE; Schema: public; Owner: yusuf
--

ALTER TABLE public.hakkimizda_hakkimizda ALTER COLUMN id ADD GENERATED BY DEFAULT AS IDENTITY (
    SEQUENCE NAME public.hakkimizda_hakkimizda_id_seq
    START WITH 1
    INCREMENT BY 1
    NO MINVALUE
    NO MAXVALUE
    CACHE 1
);


--
-- TOC entry 247 (class 1259 OID 16918)
-- Name: harita_routehistory; Type: TABLE; Schema: public; Owner: yusuf
--

CREATE TABLE public.harita_routehistory (
    id bigint NOT NULL,
    start_latitude double precision NOT NULL,
    start_longitude double precision NOT NULL,
    end_latitude double precision NOT NULL,
    end_longitude double precision NOT NULL,
    total_distance double precision NOT NULL,
    total_duration double precision NOT NULL,
    created_at timestamp with time zone NOT NULL,
    end_address character varying(255) NOT NULL,
    start_address character varying(255) NOT NULL,
    user_id integer NOT NULL
);


ALTER TABLE public.harita_routehistory OWNER TO yusuf;

--
-- TOC entry 246 (class 1259 OID 16917)
-- Name: harita_routehistory_id_seq; Type: SEQUENCE; Schema: public; Owner: yusuf
--

ALTER TABLE public.harita_routehistory ALTER COLUMN id ADD GENERATED BY DEFAULT AS IDENTITY (
    SEQUENCE NAME public.harita_routehistory_id_seq
    START WITH 1
    INCREMENT BY 1
    NO MINVALUE
    NO MAXVALUE
    CACHE 1
);


--
-- TOC entry 251 (class 1259 OID 17003)
-- Name: kullanicibilgileri_usercarpreference; Type: TABLE; Schema: public; Owner: yusuf
--

CREATE TABLE public.kullanicibilgileri_usercarpreference (
    id bigint NOT NULL,
    selected_at timestamp with time zone NOT NULL,
    selected_car_id bigint,
    user_id integer NOT NULL
);


ALTER TABLE public.kullanicibilgileri_usercarpreference OWNER TO yusuf;

--
-- TOC entry 250 (class 1259 OID 17002)
-- Name: kullanicibilgileri_usercarpreference_id_seq; Type: SEQUENCE; Schema: public; Owner: yusuf
--

ALTER TABLE public.kullanicibilgileri_usercarpreference ALTER COLUMN id ADD GENERATED BY DEFAULT AS IDENTITY (
    SEQUENCE NAME public.kullanicibilgileri_usercarpreference_id_seq
    START WITH 1
    INCREMENT BY 1
    NO MINVALUE
    NO MAXVALUE
    CACHE 1
);


--
-- TOC entry 239 (class 1259 OID 16738)
-- Name: user_users; Type: TABLE; Schema: public; Owner: yusuf
--

CREATE TABLE public.user_users (
    user_id integer NOT NULL,
    name character varying(100) NOT NULL,
    email character varying(100) NOT NULL,
    password character varying(200) NOT NULL,
    role boolean NOT NULL,
    create_time timestamp with time zone NOT NULL
);


ALTER TABLE public.user_users OWNER TO yusuf;

--
-- TOC entry 238 (class 1259 OID 16737)
-- Name: user_users_user_id_seq; Type: SEQUENCE; Schema: public; Owner: yusuf
--

ALTER TABLE public.user_users ALTER COLUMN user_id ADD GENERATED BY DEFAULT AS IDENTITY (
    SEQUENCE NAME public.user_users_user_id_seq
    START WITH 1
    INCREMENT BY 1
    NO MINVALUE
    NO MAXVALUE
    CACHE 1
);


--
-- TOC entry 245 (class 1259 OID 16788)
-- Name: İletişim_i̇letişim; Type: TABLE; Schema: public; Owner: yusuf
--

CREATE TABLE public."İletişim_i̇letişim" (
    id bigint NOT NULL,
    telefon character varying(14) NOT NULL,
    mail character varying(70) NOT NULL,
    faks character varying(20) NOT NULL,
    adres character varying(200) NOT NULL
);


ALTER TABLE public."İletişim_i̇letişim" OWNER TO yusuf;

--
-- TOC entry 244 (class 1259 OID 16787)
-- Name: İletişim_i̇letişim_id_seq; Type: SEQUENCE; Schema: public; Owner: yusuf
--

ALTER TABLE public."İletişim_i̇letişim" ALTER COLUMN id ADD GENERATED BY DEFAULT AS IDENTITY (
    SEQUENCE NAME public."İletişim_i̇letişim_id_seq"
    START WITH 1
    INCREMENT BY 1
    NO MINVALUE
    NO MAXVALUE
    CACHE 1
);


--
-- TOC entry 4779 (class 2604 OID 16995)
-- Name: electric_cars id; Type: DEFAULT; Schema: public; Owner: yusuf
--

ALTER TABLE ONLY public.electric_cars ALTER COLUMN id SET DEFAULT nextval('public.electric_cars_id_seq'::regclass);


--
-- TOC entry 5029 (class 0 OID 16774)
-- Dependencies: 241
-- Data for Name: araclar_araclar; Type: TABLE DATA; Schema: public; Owner: yusuf
--

COPY public.araclar_araclar (id, arac_adi, ortalama_menzil, max_menzil, min_menzil) FROM stdin;
\.


--
-- TOC entry 5012 (class 0 OID 16531)
-- Dependencies: 224
-- Data for Name: auth_group; Type: TABLE DATA; Schema: public; Owner: yusuf
--

COPY public.auth_group (id, name) FROM stdin;
\.


--
-- TOC entry 5014 (class 0 OID 16539)
-- Dependencies: 226
-- Data for Name: auth_group_permissions; Type: TABLE DATA; Schema: public; Owner: yusuf
--

COPY public.auth_group_permissions (id, group_id, permission_id) FROM stdin;
\.


--
-- TOC entry 5010 (class 0 OID 16525)
-- Dependencies: 222
-- Data for Name: auth_permission; Type: TABLE DATA; Schema: public; Owner: yusuf
--

COPY public.auth_permission (id, name, content_type_id, codename) FROM stdin;
1	Can add log entry	1	add_logentry
2	Can change log entry	1	change_logentry
3	Can delete log entry	1	delete_logentry
4	Can view log entry	1	view_logentry
5	Can add permission	2	add_permission
6	Can change permission	2	change_permission
7	Can delete permission	2	delete_permission
8	Can view permission	2	view_permission
9	Can add group	3	add_group
10	Can change group	3	change_group
11	Can delete group	3	delete_group
12	Can view group	3	view_group
13	Can add user	4	add_user
14	Can change user	4	change_user
15	Can delete user	4	delete_user
16	Can view user	4	view_user
17	Can add content type	5	add_contenttype
18	Can change content type	5	change_contenttype
19	Can delete content type	5	delete_contenttype
20	Can view content type	5	view_contenttype
21	Can add session	6	add_session
22	Can change session	6	change_session
23	Can delete session	6	delete_session
24	Can view session	6	view_session
25	Can add about us	7	add_aboutus
26	Can change about us	7	change_aboutus
27	Can delete about us	7	delete_aboutus
28	Can view about us	7	view_aboutus
29	Can add users	8	add_users
30	Can change users	8	change_users
31	Can delete users	8	delete_users
32	Can view users	8	view_users
33	Can add users	9	add_users
34	Can change users	9	change_users
35	Can delete users	9	delete_users
36	Can view users	9	view_users
37	Can add hakkimizda	10	add_hakkimizda
38	Can change hakkimizda	10	change_hakkimizda
39	Can delete hakkimizda	10	delete_hakkimizda
40	Can view hakkimizda	10	view_hakkimizda
41	Can add i̇letişim	11	add_i̇letişim
42	Can change i̇letişim	11	change_i̇letişim
43	Can delete i̇letişim	11	delete_i̇letişim
44	Can view i̇letişim	11	view_i̇letişim
45	Can add araclar	12	add_araclar
46	Can change araclar	12	change_araclar
47	Can delete araclar	12	delete_araclar
48	Can view araclar	12	view_araclar
49	Can add user	13	add_user
50	Can change user	13	change_user
51	Can delete user	13	delete_user
52	Can view user	13	view_user
53	Can add users	13	add_users
54	Can change users	13	change_users
55	Can delete users	13	delete_users
56	Can view users	13	view_users
57	Can add route step	14	add_routestep
58	Can change route step	14	change_routestep
59	Can delete route step	14	delete_routestep
60	Can view route step	14	view_routestep
61	Can add route	15	add_route
62	Can change route	15	change_route
63	Can delete route	15	delete_route
64	Can view route	15	view_route
65	Can add Rota Geçmişi	16	add_routehistory
66	Can change Rota Geçmişi	16	change_routehistory
67	Can delete Rota Geçmişi	16	delete_routehistory
68	Can view Rota Geçmişi	16	view_routehistory
69	Can add user car preference	18	add_usercarpreference
70	Can change user car preference	18	change_usercarpreference
71	Can delete user car preference	18	delete_usercarpreference
72	Can view user car preference	18	view_usercarpreference
73	Can add electric car	17	add_electriccar
74	Can change electric car	17	change_electriccar
75	Can delete electric car	17	delete_electriccar
76	Can view electric car	17	view_electriccar
\.


--
-- TOC entry 5016 (class 0 OID 16545)
-- Dependencies: 228
-- Data for Name: auth_user; Type: TABLE DATA; Schema: public; Owner: yusuf
--

COPY public.auth_user (id, password, last_login, is_superuser, username, first_name, last_name, email, is_staff, is_active, date_joined) FROM stdin;
1	pbkdf2_sha256$870000$lbIrN4XikGUUg6hYdRFlz9$Nulx3SDR5zpUIT5kjZMxGZI0OEs/B40Ar9lCpbwjyjY=	2024-10-28 16:38:19.532339+03	t	yusuf			mykrmn02@gmail.com	t	t	2024-10-19 16:58:55.769639+03
2	pbkdf2_sha256$870000$FoRnityTbfZTSt2Z0Tbtu3$sHQMTvBGqfNWCwL4ppgJDMFa9kTVk7RhESHlJLw8VEg=	2024-11-03 19:18:09.037256+03	f	asd			ysfkrmn02@gmail.com	f	t	2024-11-03 19:17:55.259674+03
4	123	\N	f	qwe			ysfkrmn02@gmail.com	f	t	2024-11-04 16:59:53.807683+03
5	432	\N	f	123			sadfa@gmail.com	f	t	2024-11-04 17:01:58.510201+03
6	123	\N	f	ewq			ysfkrmn02@gmail.com	f	t	2024-11-04 17:22:19.782769+03
7	pbkdf2_sha256$870000$bwg3inAzqe6dX5thWHlHqG$7LwPQeT8a12N/mxJKVZVQILQnjAwC78QSQ6c+1Kloag=	2024-11-06 19:23:56.546779+03	t	yusuf2			ysfkrmn02@gmail.com	t	t	2024-11-06 19:23:39.669901+03
10	pbkdf2_sha256$870000$HCWI4uZcfpskqjzFallUE5$+Jpw7jVnC2ftVJr+J1tzzHHy20qSFLuUiyHk14+Ixyo=	\N	f	 myusuf			asd@gmail.com	f	t	2024-12-07 11:34:56.345141+03
14	pbkdf2_sha256$870000$2jze7wnIWnXH3rQjQbz8qj$D955vlsSMCQdP9py13GnOiBFIfsh4NrsWPvc6jKeLUU=	2024-12-18 18:03:58.110592+03	f	Mete			mete@gmail.com	f	t	2024-12-18 18:03:44.004191+03
12	pbkdf2_sha256$870000$g5AN8eo1sMqkFSNHuklpmr$phfWWWQo4KBXeLHSf5he8gysckvuPnRq9RLfg4xNVYw=	2024-12-07 19:38:51.348887+03	f	myusuf1			myusuf@gmail.com	f	t	2024-12-07 19:38:42.274329+03
13	pbkdf2_sha256$870000$h7gCn7lwblBhk6La95pUqb$p0ZfRgknyHoY9gqTtGxZ9OxAWIXi4QtfruVpOcEDZuM=	2024-12-16 11:10:23.364241+03	f	eren			eren@gmail.com	f	t	2024-12-16 10:57:36.247036+03
11	pbkdf2_sha256$870000$sl3hk91degJS8OCaIgbIHo$z8dgkAQMzGZ0g9LCb5a+/aiiNkNS7AXRQ7sdmKRKwO8=	2024-12-17 14:25:34.723548+03	f	asdf			asdf@gmail.com	f	t	2024-12-07 11:39:58.005827+03
3	pbkdf2_sha256$870000$taeIhA3xLyXTKuIBHP9VDO$tAo/sULsp9Wcfzp5BXl0emwBMcNYNbciVO+CR6JZwiE=	2024-12-25 20:06:24.244901+03	t	yusuf1			mykrmn02@gmail.com	t	t	2024-11-04 16:22:00.851051+03
\.


--
-- TOC entry 5018 (class 0 OID 16553)
-- Dependencies: 230
-- Data for Name: auth_user_groups; Type: TABLE DATA; Schema: public; Owner: yusuf
--

COPY public.auth_user_groups (id, user_id, group_id) FROM stdin;
\.


--
-- TOC entry 5020 (class 0 OID 16559)
-- Dependencies: 232
-- Data for Name: auth_user_user_permissions; Type: TABLE DATA; Schema: public; Owner: yusuf
--

COPY public.auth_user_user_permissions (id, user_id, permission_id) FROM stdin;
\.


--
-- TOC entry 5025 (class 0 OID 16717)
-- Dependencies: 237
-- Data for Name: bız_aboutus; Type: TABLE DATA; Schema: public; Owner: yusuf
--

COPY public."bız_aboutus" (id, content, last_updated) FROM stdin;
4	Bu bir deneme metinidir. HTML sayfasında görünüm testi yapılıyor.	2024-10-21 17:30:12.502085+03
\.


--
-- TOC entry 5022 (class 0 OID 16617)
-- Dependencies: 234
-- Data for Name: django_admin_log; Type: TABLE DATA; Schema: public; Owner: yusuf
--

COPY public.django_admin_log (id, action_time, object_id, object_repr, action_flag, change_message, content_type_id, user_id) FROM stdin;
1	2024-10-19 16:59:32.743588+03	1	Bu bir deneme metinidir	1	[{"added": {}}]	7	1
2	2024-10-19 19:54:03.252162+03	1	Biz bir aileyiz	2	[{"changed": {"fields": ["Content"]}}]	7	1
3	2024-10-19 20:45:22.66514+03	1	Users object (1)	1	[{"added": {}}]	8	1
4	2024-10-19 21:37:02.918453+03	1	yusu	1	[{"added": {}}]	9	1
5	2024-10-19 21:42:27.461002+03	2	AboutUs object (2)	1	[{"added": {}}]	7	1
6	2024-10-20 13:23:51.379842+03	3	AboutUs object (3)	1	[{"added": {}}]	7	1
7	2024-10-20 13:45:48.887445+03	1	yusuf	2	[{"changed": {"fields": ["Name", "Email"]}}]	9	1
8	2024-10-20 13:56:34.680528+03	2	karaman	1	[{"added": {}}]	9	1
9	2024-10-21 13:14:45.279202+03	3	AboutUs object (3)	2	[{"changed": {"fields": ["Content"]}}]	7	1
10	2024-10-21 13:15:27.67652+03	3	mete	1	[{"added": {}}]	9	1
11	2024-10-21 17:29:22.375855+03	1	AboutUs object (1)	3		7	1
12	2024-10-21 17:29:31.376809+03	3	AboutUs object (3)	3		7	1
13	2024-10-21 17:29:34.392493+03	2	AboutUs object (2)	3		7	1
14	2024-10-21 17:30:12.505507+03	4	AboutUs object (4)	1	[{"added": {}}]	7	1
15	2024-12-23 10:27:22.984913+03	429	TOGG T10X V1 RWD Standart Menzil	1	[{"added": {}}]	17	3
16	2024-12-23 10:28:17.542642+03	430	TOGG T10X V1 RWD Uzun Menzil	1	[{"added": {}}]	17	3
17	2024-12-23 10:29:45.976802+03	431	TOGG T10X V2 RWD Uzun Menzil	1	[{"added": {}}]	17	3
\.


--
-- TOC entry 5008 (class 0 OID 16517)
-- Dependencies: 220
-- Data for Name: django_content_type; Type: TABLE DATA; Schema: public; Owner: yusuf
--

COPY public.django_content_type (id, app_label, model) FROM stdin;
1	admin	logentry
2	auth	permission
3	auth	group
4	auth	user
5	contenttypes	contenttype
6	sessions	session
7	bız	aboutus
8	bız	users
9	user	users
10	hakkimizda	hakkimizda
11	İletişim	i̇letişim
12	araclar	araclar
13	kayitol	users
14	GoogleMaps	routestep
15	GoogleMaps	route
16	harita	routehistory
17	kullanicibilgileri	electriccar
18	kullanicibilgileri	usercarpreference
\.


--
-- TOC entry 5006 (class 0 OID 16509)
-- Dependencies: 218
-- Data for Name: django_migrations; Type: TABLE DATA; Schema: public; Owner: yusuf
--

COPY public.django_migrations (id, app, name, applied) FROM stdin;
1	contenttypes	0001_initial	2024-10-19 14:33:06.436278+03
2	auth	0001_initial	2024-10-19 14:33:06.468094+03
3	admin	0001_initial	2024-10-19 14:33:06.478435+03
4	admin	0002_logentry_remove_auto_add	2024-10-19 14:33:06.48195+03
5	admin	0003_logentry_add_action_flag_choices	2024-10-19 14:33:06.48596+03
6	contenttypes	0002_remove_content_type_name	2024-10-19 14:33:06.500472+03
7	auth	0002_alter_permission_name_max_length	2024-10-19 14:33:06.504999+03
8	auth	0003_alter_user_email_max_length	2024-10-19 14:33:06.506993+03
9	auth	0004_alter_user_username_opts	2024-10-19 14:33:06.509827+03
10	auth	0005_alter_user_last_login_null	2024-10-19 14:33:06.512916+03
11	auth	0006_require_contenttypes_0002	2024-10-19 14:33:06.513871+03
12	auth	0007_alter_validators_add_error_messages	2024-10-19 14:33:06.515932+03
13	auth	0008_alter_user_username_max_length	2024-10-19 14:33:06.521226+03
14	auth	0009_alter_user_last_name_max_length	2024-10-19 14:33:06.524468+03
15	auth	0010_alter_group_name_max_length	2024-10-19 14:33:06.528141+03
16	auth	0011_update_proxy_permissions	2024-10-19 14:33:06.530599+03
17	auth	0012_alter_user_first_name_max_length	2024-10-19 14:33:06.533854+03
18	sessions	0001_initial	2024-10-19 14:33:06.538081+03
19	bız	0001_initial	2024-10-19 16:57:01.001277+03
20	bız	0002_users_alter_aboutus_table	2024-10-19 20:44:45.268138+03
21	bız	0002_users_alter_aboutus_options_alter_aboutus_table	2024-10-19 20:58:49.547944+03
22	bız	0002_alter_aboutus_options_alter_aboutus_table	2024-10-19 21:16:05.442712+03
23	user	0001_initial	2024-10-19 21:16:05.449972+03
24	araclar	0001_initial	2024-11-03 13:44:08.535942+03
25	araclar	0002_alter_araclar_max_menzil_alter_araclar_min_menzil_and_more	2024-11-03 13:44:08.540984+03
26	hakkimizda	0001_initial	2024-11-03 13:44:08.545776+03
27	İletişim	0001_initial	2024-11-03 13:44:08.5491+03
28	kayitol	0001_initial	2024-11-04 16:02:06.923982+03
29	kayitol	0002_rename_user_users	2024-11-04 17:21:24.558461+03
30	kayitol	0003_alter_users_options_alter_users_managers_and_more	2024-11-06 19:06:27.938977+03
31	GoogleMaps	0001_initial	2024-11-16 14:02:11.675849+03
32	harita	0001_initial	2024-11-20 19:33:28.296177+03
33	harita	0002_routehistory_end_address_routehistory_start_address_and_more	2024-12-07 18:21:49.880915+03
34	kullanicibilgileri	0001_initial	2024-12-17 14:28:04.590725+03
\.


--
-- TOC entry 5023 (class 0 OID 16645)
-- Dependencies: 235
-- Data for Name: django_session; Type: TABLE DATA; Schema: public; Owner: yusuf
--

COPY public.django_session (session_key, session_data, expire_date) FROM stdin;
747hxiowp4bq6m0vqbpta7ytoev4ni2v	.eJxVjMsOwiAQRf-FtSG8oS7d-w1kGAapGkhKuzL-uzbpQrf3nHNfLMK21rgNWuKc2ZlpdvrdEuCD2g7yHdqtc-xtXebEd4UfdPBrz_S8HO7fQYVRvzUlS-SzQK-0EtknaWxIRkoXMKAzZDEYK3MxoUBQzsEEqgi0iHqyktj7A-Q9N9g:1tO0Mk:kpR_bJ8NeoCPGPwUICvD_88BF0ejC3YTVwxxtAmOJns	2025-01-01 23:09:54.000027+03
ojg3fmj508qvuxo91bp3v4xorkx33iba	.eJxVjMsOwiAQAP-FsyEs3fLw6L3fQHaBStXQpLQn478bkh70OjOZtwh07CUcLW9hSeIqQFx-GVN85tpFelC9rzKudd8Wlj2Rp21yWlN-3c72b1Colb7NiseERNopjNYry6RReQILHvQ4eO9N5ow2Do4ZjZmdtnFmwwYAQXy-x2w3DQ:1t2CnE:ZzIPPkmMKysQPfW2den1vpR3Y37Gdnx-677KHpOkewc	2024-11-02 19:59:08.183786+03
h1jpeqly94arzlcxf3pyo32vq15y7dkx	.eJxVjMsOwiAQAP-FsyEs3fLw6L3fQHaBStXQpLQn478bkh70OjOZtwh07CUcLW9hSeIqQFx-GVN85tpFelC9rzKudd8Wlj2Rp21yWlN-3c72b1Colb7NiseERNopjNYry6RReQILHvQ4eO9N5ow2Do4ZjZmdtnFmwwYAQXy-x2w3DQ:1t5Pwp:CMyk2G8kiKB0Ah1M_H_ijn5FGC-nMOwRu4oNQ64fABo	2024-11-11 16:38:19.535497+03
0ghcqbbjw29mmsrk7h96gisksx2iqidj	e30:1t7dIn:D33v45-xgsPaFwJMlXDvayeNrtPH-2iggqs2PBPrNLA	2024-11-17 19:18:09.037256+03
gq9c6v3umcxvcqq71u1dik6dqokbkxsv	.eJxVjMsOwiAQRf-FtSG8oS7d-w1kGAapGkhKuzL-uzbpQrf3nHNfLMK21rgNWuKc2ZlpdvrdEuCD2g7yHdqtc-xtXebEd4UfdPBrz_S8HO7fQYVRvzUlS-SzQK-0EtknaWxIRkoXMKAzZDEYK3MxoUBQzsEEqgi0iHqyktj7A-Q9N9g:1tO9Xn:hE6Gy11AyyhokuzmF436qwFas0i1I5ikg-H7rS8ZOyA	2025-01-02 08:57:55.806051+03
4pf0pyzv3o91ci3xhwxhc4jtw9rdk86y	.eJxVjMsOwiAQRf-FtSG8oS7d-w1kGAapGkhKuzL-uzbpQrf3nHNfLMK21rgNWuKc2ZlpdvrdEuCD2g7yHdqtc-xtXebEd4UfdPBrz_S8HO7fQYVRvzUlS-SzQK-0EtknaWxIRkoXMKAzZDEYK3MxoUBQzsEEqgi0iHqyktj7A-Q9N9g:1tPJXY:E6zNrPtDL3NRKCH3Gpeq5uR6nmmf5Nb9r-LVUnrYyM4	2025-01-05 13:50:28.019837+03
7q4wkyomi24d3up78yh7mwkzbbf253cd	.eJxVjMsOwiAQRf-FtSG8oS7d-w1kGAapGkhKuzL-uzbpQrf3nHNfLMK21rgNWuKc2ZlpdvrdEuCD2g7yHdqtc-xtXebEd4UfdPBrz_S8HO7fQYVRvzUlS-SzQK-0EtknaWxIRkoXMKAzZDEYK3MxoUBQzsEEqgi0iHqyktj7A-Q9N9g:1tPJlK:Qd-EzCHW0qGSeABPDZWxp0L1q-UiKRDQgSuuTEqFwog	2025-01-05 14:04:42.494232+03
vddkmxxcoxm974p878xp6hc1k1cd1k80	.eJxVjMsOwiAQRf-FtSG8oS7d-w1kGAapGkhKuzL-uzbpQrf3nHNfLMK21rgNWuKc2ZlpdvrdEuCD2g7yHdqtc-xtXebEd4UfdPBrz_S8HO7fQYVRvzUlS-SzQK-0EtknaWxIRkoXMKAzZDEYK3MxoUBQzsEEqgi0iHqyktj7A-Q9N9g:1tPLs5:2PPSHRx6MqD6js6qKvpIGRbzp9vcqN9chb9GQ6uS1HA	2025-01-05 16:19:49.15634+03
iqjv5gvl82b7124s7ehat8kafjammpc4	.eJxVjMsOwiAQRf-FtSG8oS7d-w1kGAapGkhKuzL-uzbpQrf3nHNfLMK21rgNWuKc2ZlpdvrdEuCD2g7yHdqtc-xtXebEd4UfdPBrz_S8HO7fQYVRvzUlS-SzQK-0EtknaWxIRkoXMKAzZDEYK3MxoUBQzsEEqgi0iHqyktj7A-Q9N9g:1tPNIO:0qC-RiByPZki2Hk9GfIDRwYfwxwMhvk8qwbbJbflf48	2025-01-05 17:51:04.574189+03
l883wbuxqzfoenhlyentp3j9wpduftmn	.eJxVjEEOwiAQRe_C2hAGaqEu3fcMZJgZpGpKUtqV8e7apAvd_vfef6mI21ri1mSJE6uL8ur0uyWkh8w74DvOt6qpzusyJb0r-qBNj5XleT3cv4OCrXzrANw5sMl4FxiYLJvOChokpODYGwBBGdCIH4Byz6nLjDZ7oDP2GdT7A-zHOKE:1t8ip2:haRnRmzd-YTq4nmQxYK3oc-Oa3UTijz4TOy0mcZkISI	2024-11-20 19:23:56.548119+03
b2qu54ace0f6r051vkhryrt58zh1hr2v	eyJ1c2VyX2lkIjoxfQ:1tCzTw:ypbOYCv7oc5HGWvxDcqM0FUbyHyWnvmlaqw-AfmnwZc	2024-12-02 13:59:48.97994+03
2vz8n1817dtyk80utrr8mxcyedtnpybh	.eJxVjMsOwiAQRf-FtSG8oS7d-w1kGAapGkhKuzL-uzbpQrf3nHNfLMK21rgNWuKc2ZlpdvrdEuCD2g7yHdqtc-xtXebEd4UfdPBrz_S8HO7fQYVRvzUlS-SzQK-0EtknaWxIRkoXMKAzZDEYK3MxoUBQzsEEqgi0iHqyktj7A-Q9N9g:1tPcee:pHbCTKUFYplboR3FertkUGS1YG5HUYSnOhC3z9MqWeA	2025-01-06 10:15:04.554169+03
bnypamhltu8ih01q6azshgr0wwk8387v	.eJxVjMsOwiAQRf-FtSG8oS7d-w1kGAapGkhKuzL-uzbpQrf3nHNfLMK21rgNWuKc2ZlpdvrdEuCD2g7yHdqtc-xtXebEd4UfdPBrz_S8HO7fQYVRvzUlS-SzQK-0EtknaWxIRkoXMKAzZDEYK3MxoUBQzsEEqgi0iHqyktj7A-Q9N9g:1tPfSp:8Y6ytZ-YM54ydWAHBQj5tK4kY2S6GHgBDPv88iGopOk	2025-01-06 13:15:03.791994+03
jvjvc26lxez1r2vllhrz4os0ovcr5q0t	.eJxVjMsOwiAQRf-FtSG8oS7d-w1kGAapGkhKuzL-uzbpQrf3nHNfLMK21rgNWuKc2ZlpdvrdEuCD2g7yHdqtc-xtXebEd4UfdPBrz_S8HO7fQYVRvzUlS-SzQK-0EtknaWxIRkoXMKAzZDEYK3MxoUBQzsEEqgi0iHqyktj7A-Q9N9g:1tQSPY:plwC5D__FLjEFoiknOC5cfThjo33-zXrCiEm3qXC_ZA	2025-01-08 17:30:56.79759+03
prme7w8l66bt0ecpjd84zd1zqj0h20mh	.eJxVjEEOwiAQRe_C2hCKU-i4dN8zEIYZpGpoUtqV8e7apAvd_vfef6kQt7WErckSJlYX1Vl1-h0ppofUnfA91tus01zXZSK9K_qgTY8zy_N6uH8HJbbyrc_GCZAZjAhkRzn5JLHPZNghOG8GRvaEFlMnWSgjs7fswAICQQ_q_QEl5Tit:1tJxpT:xCs0DihpDezYBSHSZ8e5qmTrvtTXi1yrNc72SYOpzTg	2024-12-21 19:38:51.352974+03
gk88occ0l2xk88ylv1z8lwllkbfwzm0y	.eJxVjEEOwiAQRe_C2pCBTim4dO8ZyNAZpGpoUtqV8e7apAvd_vfef6lI21ri1mSJE6uzMkadfsdE40PqTvhO9Tbrca7rMiW9K_qgTV9nluflcP8OCrXyrZ1xzgu6hLnLJKELBjIOQEgo3ubEiEHAAonn0A99YM4ARDYwWUzq_QH_Fzg0:1tKcsr:049qpqnbM2WF0cAVwt8BVVoc5B4N9BMfoyyDo7JEjbA	2024-12-23 15:29:05.580465+03
k2vwgf3veuf41zw2tjivriktpknhts6p	.eJxVjEEOwiAQRe_C2pCBTim4dO8ZyNAZpGpoUtqV8e7apAvd_vfef6lI21ri1mSJE6uzMkadfsdE40PqTvhO9Tbrca7rMiW9K_qgTV9nluflcP8OCrXyrZ1xzgu6hLnLJKELBjIOQEgo3ubEiEHAAonn0A99YM4ARDYwWUzq_QH_Fzg0:1tKiPK:q_7o9F131aEyjizp_qowDI45auE-HvPssWepEHbUcM0	2024-12-23 21:22:58.418945+03
rbc1g7e3wqio1ddwv5rr4zmdugueadzj	.eJxVjEEOwiAQRe_C2pCBTim4dO8ZyNAZpGpoUtqV8e7apAvd_vfef6lI21ri1mSJE6uzMkadfsdE40PqTvhO9Tbrca7rMiW9K_qgTV9nluflcP8OCrXyrZ1xzgu6hLnLJKELBjIOQEgo3ubEiEHAAonn0A99YM4ARDYwWUzq_QH_Fzg0:1tMnGL:SPIQGecuDOnKVHSHH1VcVdEFSK-fTio-8FEJfpd20hQ	2024-12-29 14:58:17.436549+03
mcvz5e990xtvvpmhd60jnjs2y5b3dwbc	.eJxVjMsOwiAQRf-FtSG8oS7d-w1kGAapGkhKuzL-uzbpQrf3nHNfLMK21rgNWuKc2ZlpdvrdEuCD2g7yHdqtc-xtXebEd4UfdPBrz_S8HO7fQYVRvzUlS-SzQK-0EtknaWxIRkoXMKAzZDEYK3MxoUBQzsEEqgi0iHqyktj7A-Q9N9g:1tNW1S:JKN5OTY3g8ierX7D4ocbWYygvz1IjJkDN28ZjB6KJxY	2024-12-31 14:45:54.555728+03
s39g4muawfqx1znh9lzib84r23mgvkxa	.eJxVjMsOwiAQRf-FtSG8oS7d-w1kGAapGkhKuzL-uzbpQrf3nHNfLMK21rgNWuKc2ZlpdvrdEuCD2g7yHdqtc-xtXebEd4UfdPBrz_S8HO7fQYVRvzUlS-SzQK-0EtknaWxIRkoXMKAzZDEYK3MxoUBQzsEEqgi0iHqyktj7A-Q9N9g:1tNXqY:gz05C9oEQ0KlIRnkWiRgaxdfEhwdrTmbaev50ZiOmo0	2024-12-31 16:42:46.552538+03
tm6unuvstb4tzy7qt7pmf2mda61yqa1x	.eJxVjMsOwiAQRf-FtSG8oS7d-w1kGAapGkhKuzL-uzbpQrf3nHNfLMK21rgNWuKc2ZlpdvrdEuCD2g7yHdqtc-xtXebEd4UfdPBrz_S8HO7fQYVRvzUlS-SzQK-0EtknaWxIRkoXMKAzZDEYK3MxoUBQzsEEqgi0iHqyktj7A-Q9N9g:1tNYJF:te5N565ZljbWmxCd8HUhkYxar_vMdFHmxrl8zc-WE40	2024-12-31 17:12:25.340876+03
r8np2asegovsl2k6a15tfmavx8u7v9ef	.eJxVjMsOwiAQRf-FtSG8oS7d-w1kGAapGkhKuzL-uzbpQrf3nHNfLMK21rgNWuKc2ZlpdvrdEuCD2g7yHdqtc-xtXebEd4UfdPBrz_S8HO7fQYVRvzUlS-SzQK-0EtknaWxIRkoXMKAzZDEYK3MxoUBQzsEEqgi0iHqyktj7A-Q9N9g:1tNdNa:0AaT0M3kOkj_MeMYRHPoQv96t-KGFGrAJzLWIamOUUQ	2024-12-31 22:37:14.431583+03
f5qdglu3a0vjkzngai9an9yovoz4ag5q	.eJxVjMsOwiAQRf-FtSG8oS7d-w1kGAapGkhKuzL-uzbpQrf3nHNfLMK21rgNWuKc2ZlpdvrdEuCD2g7yHdqtc-xtXebEd4UfdPBrz_S8HO7fQYVRvzUlS-SzQK-0EtknaWxIRkoXMKAzZDEYK3MxoUBQzsEEqgi0iHqyktj7A-Q9N9g:1tNduJ:tcCUcsWPttRoyv5fLCGIDGqgzCxiqQxSVaGSxS_n9tI	2024-12-31 23:11:03.915193+03
mrgre9fwq3elr5o3e99hhaylrhqy7uu8	.eJxVjMsOwiAQRf-FtSG8oS7d-w1kGAapGkhKuzL-uzbpQrf3nHNfLMK21rgNWuKc2ZlpdvrdEuCD2g7yHdqtc-xtXebEd4UfdPBrz_S8HO7fQYVRvzUlS-SzQK-0EtknaWxIRkoXMKAzZDEYK3MxoUBQzsEEqgi0iHqyktj7A-Q9N9g:1tNec8:PTUWQrAmqVusBU6NbikWEZ2KSXtLk9j5y67jw2zg-98	2024-12-31 23:56:20.646502+03
4l1my5l36drq04twgwdy8pjdjetcd3d4	.eJxVjMsOwiAQRf-FtSG8oS7d-w1kGAapGkhKuzL-uzbpQrf3nHNfLMK21rgNWuKc2ZlpdvrdEuCD2g7yHdqtc-xtXebEd4UfdPBrz_S8HO7fQYVRvzUlS-SzQK-0EtknaWxIRkoXMKAzZDEYK3MxoUBQzsEEqgi0iHqyktj7A-Q9N9g:1tNpT8:qdjkR9k7wO3M9aVmaPBIw5WE43Yu8VQ06k9ugS2iq1M	2025-01-01 11:31:46.235904+03
g9l9g8ev44z1oz6h47wtcyz8poib8i4r	.eJxVjMsOgjAUBf-la9PQQl8u3fMNzX1VUAMJhZXx300TFro9M3PeKsOxT_mosuWZ1VWZQV1-RwR6ytIIP2C5r5rWZd9m1E3RJ616XFlet9P9O5igTq1mSDIwUbFs-5hQDEtECJHEknMODWGCFPoinadUGE0JznnPznZlUJ8vUAo5Zg:1tNvag:N1520GhPB00UuTfD-XZcC4bbtuQC3f3GZwVKnEQCulU	2025-01-01 18:03:58.112576+03
byhf8i7l6ba722qsbv7b52msdjnvtn4l	.eJxVjMsOwiAQRf-FtSG8oS7d-w1kGAapGkhKuzL-uzbpQrf3nHNfLMK21rgNWuKc2ZlpdvrdEuCD2g7yHdqtc-xtXebEd4UfdPBrz_S8HO7fQYVRvzUlS-SzQK-0EtknaWxIRkoXMKAzZDEYK3MxoUBQzsEEqgi0iHqyktj7A-Q9N9g:1tQSJg:hChu9N3ntsmIZFx6YRPTCbKDrcsI5lUGSiDuAlPugk4	2025-01-08 17:24:52.552664+03
k4iliwlsj9m8x132yt36gimol3jcpjty	.eJxVjMsOwiAQRf-FtSG8oS7d-w1kGAapGkhKuzL-uzbpQrf3nHNfLMK21rgNWuKc2ZlpdvrdEuCD2g7yHdqtc-xtXebEd4UfdPBrz_S8HO7fQYVRvzUlS-SzQK-0EtknaWxIRkoXMKAzZDEYK3MxoUBQzsEEqgi0iHqyktj7A-Q9N9g:1tQUq0:C3Bgp_RtmWn3O3Qt4iz4_z0ki-iNeEIj-ByR8HaQinU	2025-01-08 20:06:24.245906+03
\.


--
-- TOC entry 5037 (class 0 OID 16992)
-- Dependencies: 249
-- Data for Name: electric_cars; Type: TABLE DATA; Schema: public; Owner: yusuf
--

COPY public.electric_cars (id, car_name, average_range) FROM stdin;
1	Abarth 500e Convertible	225
2	Abarth 500e Hatchback	225
3	Abarth 600e Scorpionissima	280
4	Abarth 600e Turismo	280
5	Aiways U5	315
6	Aiways U6	350
7	Alfa Romeo Junior Elettrica 54 kWh	320
8	Alfa Romeo Junior Elettrica 54 kWh Veloce	310
9	Alpine A290 Electric 180 hp	310
10	Alpine A290 Electric 220 hp	305
11	Audi A6 Avant e-tron	475
12	Audi A6 Avant e-tron performance	565
13	Audi A6 Avant e-tron quattro	535
14	Audi A6 Sportback e-tron	485
15	Audi A6 Sportback e-tron performance	600
16	Audi A6 Sportback e-tron quattro	585
17	Audi Q4 Sportback e-tron 35	300
18	Audi Q4 Sportback e-tron 45	435
19	Audi Q4 Sportback e-tron 45 quattro	410
20	Audi Q4 Sportback e-tron 55 quattro	415
21	Audi Q4 e-tron 35	285
22	Audi Q4 e-tron 45	420
23	Audi Q4 e-tron 45 quattro	395
24	Audi Q4 e-tron 55 quattro	395
25	Audi Q6 e-tron	395
26	Audi Q6 e-tron Sportback	410
27	Audi Q6 e-tron Sportback performance	510
28	Audi Q6 e-tron Sportback quattro	500
29	Audi Q6 e-tron performance	490
30	Audi Q6 e-tron quattro	480
31	Audi Q8 e-tron 50 quattro	425
32	Audi Q8 e-tron 55 quattro	505
33	Audi Q8 e-tron Sportback 50 quattro	445
34	Audi Q8 e-tron Sportback 55 quattro	525
35	Audi S6 Avant e-tron	525
36	Audi S6 Sportback e-tron	550
37	Audi SQ6 e-tron	470
38	Audi SQ6 e-tron Sportback	495
39	Audi SQ8 e-tron	455
40	Audi SQ8 e-tron Sportback	480
41	Audi e-tron GT RS	525
42	Audi e-tron GT RS performance	525
43	Audi e-tron GT S	545
44	Average	377
45	BMW i4 M50	450
46	BMW i4 eDrive35	430
47	BMW i4 eDrive40	515
48	BMW i4 xDrive40	490
49	BMW i5 M60 xDrive Sedan	420
50	BMW i5 M60 xDrive Touring	415
51	BMW i5 eDrive40 Sedan	470
52	BMW i5 eDrive40 Touring	455
53	BMW i5 xDrive40 Sedan	455
54	BMW i7 M70 xDrive	490
55	BMW i7 eDrive50	520
56	BMW i7 xDrive60	510
57	BMW iX M60	485
58	BMW iX xDrive40	360
59	BMW iX xDrive50	505
60	BMW iX1 eDrive20	390
61	BMW iX1 xDrive30	380
62	BMW iX2 eDrive20	395
63	BMW iX2 xDrive30	385
64	BYD ATTO 3	330
65	BYD DOLPHIN 44.9 kWh Active	265
66	BYD DOLPHIN 44.9 kWh Boost	260
67	BYD DOLPHIN 60.4 kWh	350
68	BYD HAN	475
69	BYD SEAL 82.5 kWh AWD Excellence	445
70	BYD SEAL 82.5 kWh RWD Design	480
71	BYD SEAL U 71.8 kWh Comfort	360
72	BYD SEAL U 87 kWh Design	425
73	BYD TANG	355
74	CUPRA Born 170 kW - 59 kWh	360
75	CUPRA Born 170 kW - 77 kWh	460
76	CUPRA Born VZ	465
77	CUPRA Tavascan Endurance	445
78	CUPRA Tavascan VZ	425
79	Cadillac Lyriq 600 E4	460
80	Citroen e-Berlingo M 50 kWh	235
81	Citroen e-Berlingo XL 50 kWh	230
82	Citroen e-C3	260
83	Citroen e-C3 Aircross	250
84	Citroen e-C4	290
85	Citroen e-C4 54 kWh	335
86	Citroen e-C4 X	295
87	Citroen e-C4 X 54 kWh	340
88	Citroen e-SpaceTourer M 50 kWh	180
89	Citroen e-SpaceTourer M 75 kWh	260
90	Citroen e-SpaceTourer XL 50 kWh	180
91	Citroen e-SpaceTourer XL 75 kWh	260
92	DS 3 E-Tense	300
93	Dacia Spring Electric 45	165
94	Dacia Spring Electric 65	160
95	Dongfeng Box 31.4 kWh	190
96	Dongfeng Box 42.3 kWh	255
97	Elaris BEO 86 kWh	390
98	Fiat 500e 3+1 24 kWh	135
99	Fiat 500e 3+1 42 kWh	235
100	Fiat 500e Cabrio 24 kWh	135
101	Fiat 500e Cabrio 42 kWh	230
102	Fiat 500e Hatchback 24 kWh	135
103	Fiat 500e Hatchback 42 kWh	235
104	Fiat 600e	310
105	Fiat Grande Panda	260
106	Ford Capri Extended Range AWD	445
107	Ford Capri Extended Range RWD	450
108	Ford Capri Standard Range RWD	310
109	Ford Explorer Extended Range AWD	430
110	Ford Explorer Extended Range RWD	430
111	Ford Explorer Standard Range RWD	300
112	Ford Mustang Mach-E ER AWD	440
113	Ford Mustang Mach-E ER RWD	480
114	Ford Mustang Mach-E GT	425
115	Ford Mustang Mach-E Rally	410
116	Ford Mustang Mach-E SR AWD	350
117	Ford Mustang Mach-E SR RWD	385
118	GWM ORA 03 48 kWh	260
119	GWM ORA 03 63 kWh	340
120	GWM ORA 03 GT	325
121	GWM ORA 07 GT	430
122	GWM ORA 07 Pro	350
123	GWM ORA 07 Pure	350
124	Genesis G80 Electrified Luxury	440
125	Genesis GV60 Premium	390
126	Genesis GV60 Sport	380
127	Genesis GV60 Sport Plus	365
128	Genesis GV70 Electrified Sport	350
129	Honda e:Ny1	335
130	Hongqi E-HS9 120 kWh	460
131	Hongqi E-HS9 84 kWh	320
132	Hongqi E-HS9 99 kWh	370
133	Hyundai INSTER Long Range	295
134	Hyundai INSTER Standard Range	250
135	Hyundai IONIQ 5 63 kWh RWD	330
136	Hyundai IONIQ 5 84 kWh AWD	420
137	Hyundai IONIQ 5 84 kWh RWD	430
138	Hyundai IONIQ 5 N	390
139	Hyundai IONIQ 6 Long Range 2WD	495
140	Hyundai IONIQ 6 Long Range AWD	440
141	Hyundai IONIQ 6 Standard Range 2WD	335
142	Hyundai Kona Electric 48 kWh	295
143	Hyundai Kona Electric 65 kWh	390
144	Jaguar I-Pace EV400	380
145	Jeep Avenger Electric	310
146	KGM Torres EVX	370
147	Kia EV3 Long Range	455
148	Kia EV3 Standard Range	325
149	Kia EV6 GT	360
150	Kia EV6 Long Range 2WD	440
151	Kia EV6 Long Range AWD	430
152	Kia EV6 Standard Range 2WD	335
153	Kia EV9 76.1 kWh RWD	355
154	Kia EV9 99.8 kWh AWD	435
155	Kia EV9 99.8 kWh AWD GT-Line	425
156	Kia EV9 99.8 kWh RWD	450
157	Kia Niro EV	385
158	Kia e-Soul 64 kWh	370
159	Lancia Ypsilon	310
160	Leapmotor C10	335
161	Leapmotor T03	240
162	Lexus RZ 300e	365
163	Lexus RZ 450e	350
164	Lexus UX 300e	340
165	Lotus Eletre	495
166	Lotus Eletre R	455
167	Lotus Eletre S	480
168	Lotus Emeya	520
169	Lotus Emeya R	465
170	Lotus Emeya S	520
171	Lucid Air Grand Touring	665
172	Lucid Air Pure RWD	565
173	Lucid Air Touring	580
174	Lynk&Co 02	375
175	MG Cyberster GT	400
176	MG Cyberster Trophy	430
177	MG MG4 Electric 51 kWh	300
178	MG MG4 Electric 64 kWh	360
179	MG MG4 Electric 77 kWh	425
180	MG MG4 Electric XPOWER	320
181	MG MG5 Electric Long Range	335
182	MG MG5 Electric Standard Range	265
183	MG Marvel R	365
184	MG Marvel R Performance	350
185	MG ZS EV Long Range	370
186	MG ZS EV Standard Range	265
187	Maserati GranCabrio Folgore	395
188	Maserati GranTurismo Folgore	420
189	Maserati Grecale Folgore	400
190	Maxus MIFA 9	365
191	Mazda MX-30	170
192	Mercedes-Benz EQA 250	395
193	Mercedes-Benz EQA 250+	420
194	Mercedes-Benz EQA 300 4MATIC	350
195	Mercedes-Benz EQA 350 4MATIC	350
196	Mercedes-Benz EQB 250+	415
197	Mercedes-Benz EQB 300 4MATIC	345
198	Mercedes-Benz EQB 350 4MATIC	345
199	Mercedes-Benz EQE 300	525
200	Mercedes-Benz EQE 350 4MATIC	515
201	Mercedes-Benz EQE 350+	555
202	Mercedes-Benz EQE 500 4MATIC	505
203	Mercedes-Benz EQE AMG 43 4MATIC	450
204	Mercedes-Benz EQE AMG 53 4MATIC+	450
205	Mercedes-Benz EQE SUV 300	450
206	Mercedes-Benz EQE SUV 350 4MATIC	435
207	Mercedes-Benz EQE SUV 350+	475
208	Mercedes-Benz EQE SUV 500 4MATIC	455
209	Mercedes-Benz EQE SUV AMG 43 4MATIC	425
210	Mercedes-Benz EQE SUV AMG 53 4MATIC+	420
211	Mercedes-Benz EQS 450 4MATIC	660
212	Mercedes-Benz EQS 450+	690
213	Mercedes-Benz EQS 500 4MATIC	645
214	Mercedes-Benz EQS 580 4MATIC	640
215	Mercedes-Benz EQS AMG 53 4MATIC+	585
216	Mercedes-Benz EQS SUV 450 4MATIC	530
217	Mercedes-Benz EQS SUV 450+	540
218	Mercedes-Benz EQS SUV 500 4MATIC	530
219	Mercedes-Benz EQS SUV 580 4MATIC	530
220	Mercedes-Benz EQS SUV Maybach 680	490
221	Mercedes-Benz EQT 200 Long	220
222	Mercedes-Benz EQT 200 Standard	225
223	Mercedes-Benz EQV 250 Extra-Long	210
224	Mercedes-Benz EQV 250 Long	215
225	Mercedes-Benz EQV 300 Extra-Long	315
226	Mercedes-Benz EQV 300 Long	315
227	Mercedes-Benz G 580	360
228	Mercedes-Benz eVito Tourer Extra-Long 60 kWh	215
229	Mercedes-Benz eVito Tourer Long 60 kWh	220
230	Mercedes-Benz eVito Tourer Long 90 kWh	320
231	Mini Aceman E	230
232	Mini Aceman JCW	280
233	Mini Aceman SE	290
234	Mini Cooper E	225
235	Mini Cooper JCW	290
236	Mini Cooper SE	300
237	Mini Countryman E	380
238	Mini Countryman SE ALL4	365
239	NIO EL6 Long Range	435
240	NIO EL6 Standard Range	365
241	NIO EL7 Long Range	430
242	NIO EL7 Standard Range	355
243	NIO EL8 Long Range	440
244	NIO EL8 Standard Range	365
245	NIO ET5 Long Range	500
246	NIO ET5 Standard Range	410
247	NIO ET5 Touring Long Range	485
248	NIO ET5 Touring Standard Range	400
249	NIO ET7 Long Range	505
250	NIO ET7 Standard Range	415
251	Nissan Ariya 63kWh	335
252	Nissan Ariya 87kWh	450
253	Nissan Ariya e-4ORCE 87kWh - 225 kW	405
254	Nissan Ariya e-4ORCE 87kWh - 290 kW	405
255	Nissan Leaf	235
256	Nissan Leaf e+	340
257	Nissan Townstar EV Passenger	225
258	Omoda E5	345
259	Opel Astra Electric	320
260	Opel Astra Sports Tourer Electric	310
261	Opel Combo-e Life 50 kWh	235
262	Opel Combo-e Life XL 50 kWh	230
263	Opel Corsa Electric 50 kWh	295
264	Opel Corsa Electric 51 kWh	315
265	Opel Frontera 44 kWh	250
266	Opel Grandland 73 kWh	365
267	Opel Grandland 82 kWh	410
268	Opel Mokka Electric	285
269	Opel Mokka-e 50 kWh	260
270	Opel Mokka-e 54 kWh	290
271	Opel Zafira-e Life L2 50 kWh	180
272	Opel Zafira-e Life L2 75 kWh	260
273	Opel Zafira-e Life L3 50 kWh	180
274	Opel Zafira-e Life L3 75 kWh	260
275	Peugeot e-2008 50 kWh	270
276	Peugeot e-2008 54 kWh	300
277	Peugeot e-208 50 kWh	290
278	Peugeot e-208 51 kWh	310
279	Peugeot e-3008 73 kWh	380
280	Peugeot e-3008 73 kWh Dual Motor	380
281	Peugeot e-3008 97 kWh Long Range	500
282	Peugeot e-308	300
283	Peugeot e-308 SW	300
284	Peugeot e-5008 73 kWh	370
285	Peugeot e-5008 73 kWh Dual Motor	365
286	Peugeot e-5008 97 kWh Long Range	485
287	Peugeot e-Rifter M 50 kWh	235
288	Peugeot e-Rifter XL 50 kWh	230
289	Peugeot e-Traveller L2 50 kWh	180
290	Peugeot e-Traveller L2 75 kWh	260
291	Peugeot e-Traveller L3 50 kWh	180
292	Peugeot e-Traveller L3 75 kWh	260
293	Polestar 2 Long Range Dual Motor	455
294	Polestar 2 Long Range Performance	450
295	Polestar 2 Long Range Single Motor	475
296	Polestar 2 Standard Range Single Motor	415
297	Polestar 3 Long Range Dual motor	485
298	Polestar 3 Long Range Performance	470
299	Polestar 3 Long Range Single motor	500
300	Polestar 4 Long Range Dual Motor	485
301	Polestar 4 Long Range Single Motor	495
302	Porsche Macan 4 Electric	485
303	Porsche Macan 4S Electric	485
304	Porsche Macan Electric	510
305	Porsche Macan Turbo Electric	470
306	Porsche Taycan	495
307	Porsche Taycan 4 Cross Turismo	510
308	Porsche Taycan 4S	490
309	Porsche Taycan 4S Cross Turismo	510
310	Porsche Taycan 4S Plus	565
311	Porsche Taycan 4S Plus Sport Turismo	510
312	Porsche Taycan 4S Sport Turismo	440
313	Porsche Taycan Plus	575
314	Porsche Taycan Plus Sport Turismo	530
315	Porsche Taycan Sport Turismo	460
316	Porsche Taycan Turbo	535
317	Porsche Taycan Turbo Cross Turismo	495
318	Porsche Taycan Turbo GT	475
319	Porsche Taycan Turbo GT Weissach	475
320	Porsche Taycan Turbo S	525
321	Porsche Taycan Turbo S Cross Turismo	485
322	Porsche Taycan Turbo S Sport Turismo	505
323	Porsche Taycan Turbo Sport Turismo	505
324	Renault 5 E-Tech 40kWh 120hp	255
325	Renault 5 E-Tech 40kWh 95hp	255
326	Renault 5 E-Tech 52kWh 150hp	320
327	Renault Kangoo E-Tech Electric	220
328	Renault Megane E-Tech EV40 130hp	260
329	Renault Megane E-Tech EV60 130hp	380
330	Renault Megane E-Tech EV60 220hp	380
331	Renault Scenic E-Tech EV60 170hp	340
332	Renault Scenic E-Tech EV87 220hp	480
333	Rolls-Royce Spectre	465
334	Skoda Elroq 50	315
335	Skoda Elroq 60	345
336	Skoda Elroq 85	450
337	Skoda Enyaq 50	310
338	Skoda Enyaq 85	450
339	Skoda Enyaq 85x	440
340	Skoda Enyaq Coupe 85	480
341	Skoda Enyaq Coupe 85x	475
342	Skoda Enyaq Coupe RS	460
343	Skoda Enyaq RS	435
344	Smart #1 Brabus	325
345	Smart #1 Premium	335
346	Smart #1 Pro	250
347	Smart #1 Pro+	335
348	Smart #1 Pulse	325
349	Smart #1 Pure	250
350	Smart #1 Pure+	335
351	Smart #3 Brabus	335
352	Smart #3 Premium	355
353	Smart #3 Pro	265
354	Smart #3 Pro+	355
355	SsangYong Korando e-Motion	290
356	Subaru Solterra AWD	320
357	Tesla Model 3	420
358	Tesla Model 3 Long Range Dual Motor	525
359	Tesla Model 3 Long Range RWD	545
360	Tesla Model 3 Performance	490
361	Tesla Model S Dual Motor	575
362	Tesla Model S Plaid	560
363	Tesla Model X Dual Motor	485
364	Tesla Model X Plaid	465
365	Tesla Model Y	350
366	Tesla Model Y Long Range Dual Motor	445
367	Tesla Model Y Long Range RWD	455
368	Tesla Model Y Performance	430
369	Toyota PROACE Verso L 75 kWh	260
370	Toyota PROACE Verso M 50 kWh	180
371	Toyota PROACE Verso M 75 kWh	260
372	Toyota Proace City Verso Electric L1 50 kWh	235
373	Toyota Proace City Verso Electric L2 50 kWh	230
374	Toyota bZ4X AWD	345
375	Toyota bZ4X FWD	350
376	VinFast VF 8 Eco Extended Range	405
377	VinFast VF 8 Plus Extended Range	400
378	VinFast VF 9 Extended Range	520
379	Volkswagen ID. Buzz LWB GTX	355
380	Volkswagen ID. Buzz LWB Pro	370
381	Volkswagen ID. Buzz NWB GTX	335
382	Volkswagen ID. Buzz NWB Pro	360
383	Volkswagen ID.3 GTX	460
384	Volkswagen ID.3 GTX Performance	460
385	Volkswagen ID.3 Pro	360
386	Volkswagen ID.3 Pro S	450
387	Volkswagen ID.3 Pure	320
388	Volkswagen ID.4 GTX	420
389	Volkswagen ID.4 Pro	445
390	Volkswagen ID.4 Pro 4MOTION	435
391	Volkswagen ID.4 Pure	285
392	Volkswagen ID.5 GTX	430
393	Volkswagen ID.5 Pro	455
394	Volkswagen ID.7 GTX	485
395	Volkswagen ID.7 Pro	475
396	Volkswagen ID.7 Pro S	525
397	Volkswagen ID.7 Tourer GTX	480
398	Volkswagen ID.7 Tourer Pro	470
399	Volkswagen ID.7 Tourer Pro S	520
400	Volvo EC40 Single Motor	360
401	Volvo EC40 Single Motor ER	420
402	Volvo EC40 Twin Motor	400
403	Volvo EC40 Twin Motor Performance	400
404	Volvo EX30 Single Motor	275
405	Volvo EX30 Single Motor ER	360
406	Volvo EX30 Twin Motor Performance	335
407	Volvo EX40 Single Motor	345
408	Volvo EX40 Single Motor ER	400
409	Volvo EX40 Twin Motor	385
410	Volvo EX40 Twin Motor Performance	380
411	Volvo EX90 Single Motor	460
412	Volvo EX90 Twin Motor	465
413	Volvo EX90 Twin Motor Performance	450
414	Voyah Free 106 kWh	480
415	XPENG G6 AWD Performance	475
416	XPENG G6 RWD Long Range	480
417	XPENG G6 RWD Standard Range	370
418	XPENG G9 AWD Performance	465
419	XPENG G9 RWD Long Range	480
420	XPENG G9 RWD Standard Range	395
421	XPENG P7 AWD Performance	460
422	XPENG P7 RWD Long Range	495
423	XPENG P7 Wing Edition	455
424	Zeekr 001 Long Range RWD	525
425	Zeekr 001 Performance AWD	500
426	Zeekr 001 Privilege AWD	495
427	Zeekr X Long Range RWD	355
428	Zeekr X Privilege AWD	345
429	TOGG T10X V1 RWD Standart Menzil	300
430	TOGG T10X V1 RWD Uzun Menzil	490
431	TOGG T10X V2 RWD Uzun Menzil	490
\.


--
-- TOC entry 5031 (class 0 OID 16780)
-- Dependencies: 243
-- Data for Name: hakkimizda_hakkimizda; Type: TABLE DATA; Schema: public; Owner: yusuf
--

COPY public.hakkimizda_hakkimizda (id, baslik, metin, tarih) FROM stdin;
\.


--
-- TOC entry 5035 (class 0 OID 16918)
-- Dependencies: 247
-- Data for Name: harita_routehistory; Type: TABLE DATA; Schema: public; Owner: yusuf
--

COPY public.harita_routehistory (id, start_latitude, start_longitude, end_latitude, end_longitude, total_distance, total_duration, created_at, end_address, start_address, user_id) FROM stdin;
13	38.6694427	39.202964	38.6788742	39.2205079	2.024	5.65	2024-12-07 19:00:11.255729+03	Yeni, Namık Çiftçi Cd. No:3/B, 23200 Elazığ Merkez/Elazığ, Türkiye	Olgunlar, Atatürk Blv. No:41, 23100 Elazığ Merkez/Elazığ, Türkiye	11
14	38.6694427	39.202964	38.6788742	39.2205079	2.024	5.65	2024-12-07 19:00:13.736631+03	Yeni, Namık Çiftçi Cd. No:3/B, 23200 Elazığ Merkez/Elazığ, Türkiye	Olgunlar, Atatürk Blv. No:41, 23100 Elazığ Merkez/Elazığ, Türkiye	11
15	38.6753704	39.2101253	38.6590372	39.2586573	6.021	11.75	2024-12-07 19:39:19.922412+03	Karşıyaka Mah., Elazığ, Elâzığ Merkez, Elazığ, Doğu Anadolu Bölgesi, 23280, Türkiye Elazığ, Karşıyaka, 23280 Elazığ Merkez/TR, Türkiye	Üniversite, Zübeyde Hanım Cd. No:116, 23200 Elazığ Merkez/Elazığ, Türkiye	12
16	38.628726	39.109614	39.9333927	32.8597381	761.663	509.65	2024-12-09 15:24:40.437486+03	Ankara, Türkiye	Hilalkent, Malatya Cd. No:10 D:8, 23350 Aşağıdemirtaş/Elazığ Merkez/Elazığ, Türkiye	11
17	38.3479717	38.2849246	38.6704296	39.1868755	99.874	80.46666666666667	2024-12-09 15:30:06.08544+03	Cumhuriyet, Malatya Cd. No:10/2, 23040 Elazığ Merkez/Elazığ, Türkiye	Özalper, İstasyon Cd. No:24, 44090 Malatya Merkez/Malatya, Türkiye	11
18	38.3479717	38.2849246	38.6704296	39.1868755	99.874	80.46666666666667	2024-12-09 15:30:56.696388+03	Cumhuriyet, Malatya Cd. No:10/2, 23040 Elazığ Merkez/Elazığ, Türkiye	Özalper, İstasyon Cd. No:24, 44090 Malatya Merkez/Malatya, Türkiye	11
19	38.628726	39.109614	38.355407	38.333368	86.38	63.583333333333336	2024-12-09 15:31:14.715659+03	Malatya, Türkiye	Hilalkent, Malatya Cd. No:10 D:8, 23350 Aşağıdemirtaş/Elazığ Merkez/Elazığ, Türkiye	11
20	38.674789	39.2225222	38.355407	38.333368	97.885	81.05	2024-12-09 15:31:49.987122+03	Malatya, Türkiye	Elâzığ, Elazığ Merkez/Elazığ, Türkiye	11
21	38.3553066	38.3334984	38.674789	39.2225222	98.085	79.96666666666667	2024-12-09 15:39:36.381795+03	Elâzığ, Elazığ Merkez/Elazığ, Türkiye	Malatya, Türkiye	11
22	38.3553066	38.3334984	38.674789	39.2225222	98.085	79.96666666666667	2024-12-09 15:40:47.280067+03	Elâzığ, Elazığ Merkez/Elazığ, Türkiye	Malatya, Türkiye	11
23	38.3553066	38.3334984	38.674789	39.2225222	98.085	79.96666666666667	2024-12-09 15:42:00.09992+03	Elâzığ, Elazığ Merkez/Elazığ, Türkiye	Malatya, Türkiye	11
24	38.3553066	38.3334984	38.674789	39.2225222	98.085	79.96666666666667	2024-12-09 15:52:08.189996+03	Elâzığ, Elazığ Merkez/Elazığ, Türkiye	Malatya, Türkiye	11
25	38.3553066	38.3334984	38.674789	39.2225222	98.085	79.96666666666667	2024-12-09 15:55:24.102677+03	Elâzığ, Elazığ Merkez/Elazığ, Türkiye	Malatya, Türkiye	11
26	38.3553066	38.3334984	38.674789	39.2225222	98.085	79.96666666666667	2024-12-09 16:04:36.347797+03	Elâzığ, Elazığ Merkez/Elazığ, Türkiye	Malatya, Türkiye	11
27	38.3553066	38.3334984	38.674789	39.2225222	98.085	79.96666666666667	2024-12-09 16:04:54.414227+03	Elâzığ, Elazığ Merkez/Elazığ, Türkiye	Malatya, Türkiye	11
28	41.00739069999999	28.9797586	39.9333927	32.8597381	448.239	284.93333333333334	2024-12-09 16:05:04.938511+03	Ankara, Türkiye	İstanbul, Türkiye	11
29	41.00739069999999	28.9797586	39.9333927	32.8597381	448.239	284.93333333333334	2024-12-09 16:06:30.813063+03	Ankara, Türkiye	İstanbul, Türkiye	11
30	41.00739069999999	28.9797586	39.9333927	32.8597381	448.239	284.93333333333334	2024-12-09 16:09:29.206061+03	Ankara, Türkiye	İstanbul, Türkiye	11
31	41.00739069999999	28.9797586	39.9333927	32.8597381	448.239	284.93333333333334	2024-12-09 16:10:07.846622+03	Ankara, Türkiye	İstanbul, Türkiye	11
32	39.9333927	32.8597381	38.4235127	27.1424722	588.347	420.06666666666666	2024-12-09 21:23:46.851485+03	İzmir, Türkiye	Ankara, Türkiye	11
33	39.9333927	32.8597381	38.4235127	27.1424722	588.347	420.06666666666666	2024-12-09 21:24:49.873061+03	İzmir, Türkiye	Ankara, Türkiye	11
34	39.9333927	32.8597381	38.4235127	27.1424722	588.347	420.06666666666666	2024-12-09 21:25:23.857203+03	İzmir, Türkiye	Ankara, Türkiye	11
35	38.6590372	39.2586573	38.6688268	39.2550097	1.91	3.6166666666666667	2024-12-15 15:00:00.543439+03	Salı Baba, 23300 Elazığ Merkez/Elazığ, Türkiye	Karşıyaka Mah., Elazığ, Elâzığ Merkez, Elazığ, Doğu Anadolu Bölgesi, 23280, Türkiye Elazığ, Karşıyaka, 23280 Elazığ Merkez/TR, Türkiye	11
36	38.6590372	39.2586573	38.6688268	39.2550097	1.91	3.6166666666666667	2024-12-15 15:01:03.038492+03	Salı Baba, 23300 Elazığ Merkez/Elazığ, Türkiye	Karşıyaka Mah., Elazığ, Elâzığ Merkez, Elazığ, Doğu Anadolu Bölgesi, 23280, Türkiye Elazığ, Karşıyaka, 23280 Elazığ Merkez/TR, Türkiye	11
37	38.4233938	27.1427443	38.674789	39.2225222	1299.77	906.2833333333333	2024-12-15 15:01:25.158997+03	Elâzığ, Elazığ Merkez/Elazığ, Türkiye	İzmir, Türkiye	11
38	38.4233938	27.1427443	38.674789	39.2225222	1299.77	906.2833333333333	2024-12-15 15:04:33.700773+03	Elâzığ, Elazığ Merkez/Elazığ, Türkiye	İzmir, Türkiye	11
39	38.65331339999999	39.1474293	38.355407	38.333368	90.767	68.43333333333334	2024-12-16 11:12:27.025494+03	Malatya, Türkiye	Ataşehir, Malatya Cd. No:70, 23270 Elazığ Merkez/Elazığ, Türkiye	13
40	38.65331339999999	39.1474293	38.355407	38.333368	90.767	68.43333333333334	2024-12-16 11:14:33.086283+03	Malatya, Türkiye	Ataşehir, Malatya Cd. No:70, 23270 Elazığ Merkez/Elazığ, Türkiye	13
41	38.4233938	27.1427443	39.9333927	32.8597381	589.67	420.73333333333335	2024-12-16 11:15:13.332644+03	Ankara, Türkiye	İzmir, Türkiye	13
42	38.4233938	27.1427443	39.9333927	32.8597381	589.67	420.73333333333335	2024-12-17 14:37:40.080259+03	Ankara, Türkiye	İzmir, Türkiye	3
43	38.4233938	27.1427443	39.9333927	32.8597381	589.67	420.73333333333335	2024-12-17 14:38:13.170688+03	Ankara, Türkiye	İzmir, Türkiye	3
44	41.00739069999999	28.9797586	39.9333927	32.8597381	448.238	284.93333333333334	2024-12-17 14:46:06.462231+03	Ankara, Türkiye	İstanbul, Türkiye	3
45	40.7430759	32.0834667	40.7486776	32.0851057	17.614	21.966666666666665	2024-12-17 14:46:24.92435+03	Karslar, Anadolu Otoyolu, 14910 Gücükler/Dörtdivan/Bolu, Türkiye	Karslar, 14912 Gücükler/Dörtdivan/Bolu, Türkiye	3
46	40.7430759	32.0834667	40.7486776	32.0851057	17.614	21.966666666666665	2024-12-17 14:46:59.08411+03	Karslar, Anadolu Otoyolu, 14910 Gücükler/Dörtdivan/Bolu, Türkiye	Karslar, 14912 Gücükler/Dörtdivan/Bolu, Türkiye	3
47	39.9333927	32.8597381	38.674789	39.2225222	779.45	527.8833333333333	2024-12-17 14:52:04.515699+03	Elâzığ, Elazığ Merkez/Elazığ, Türkiye	Ankara, Türkiye	3
48	39.1805481	36.0833444	39.1847967	36.0716978	3.476	5.616666666666666	2024-12-17 14:52:23.108981+03	Fevziçakmak, Dr. Bahattin Taner Cd., 58840 Gemerek/Sivas, Türkiye	Ali Kemali Efendi, 58840 Gemerek/Sivas, Türkiye	3
49	38.6694427	39.202964	38.675037	39.2196667	2.261	5.8	2024-12-17 16:43:05.087185+03	Nail Bey, Gazi Cd. 29/A, 23100 Elazığ Merkez/Elazığ, Türkiye	Olgunlar, Atatürk Blv. No:41, 23100 Elazığ Merkez/Elazığ, Türkiye	3
90	38.674789	39.2225222	38.355407	38.333368	97.885	81.05	2024-12-22 17:56:56.501577+03	Malatya, Türkiye	Elâzığ, Elazığ Merkez/Elazığ, Türkiye	3
50	38.6694427	39.202964	38.675037	39.2196667	2.261	5.8	2024-12-17 16:43:09.588794+03	Nail Bey, Gazi Cd. 29/A, 23100 Elazığ Merkez/Elazığ, Türkiye	Olgunlar, Atatürk Blv. No:41, 23100 Elazığ Merkez/Elazığ, Türkiye	3
51	38.674789	39.2225222	38.7203994	35.4824994	432.302	323.51666666666665	2024-12-17 16:43:21.819818+03	Kayseri, Türkiye	Elâzığ, Elazığ Merkez/Elazığ, Türkiye	3
52	39.2208597	37.3694786	39.2304734	37.3849531	1.849	2.033333333333333	2024-12-17 16:43:44.778648+03	Reşadiye, Yeni Sivas Cd., 58900 Kangal/Sivas, Türkiye	Karşıyaka, 69C9+7X, 58902 Deligazili/Kangal/Sivas, Türkiye	3
53	39.2208597	37.3694786	39.2304734	37.3849531	1.849	2.033333333333333	2024-12-17 16:43:50.793604+03	Reşadiye, Yeni Sivas Cd., 58900 Kangal/Sivas, Türkiye	Karşıyaka, 69C9+7X, 58902 Deligazili/Kangal/Sivas, Türkiye	3
54	38.674789	39.2225222	38.7203994	35.4824994	432.302	323.51666666666665	2024-12-17 16:43:59.924244+03	Kayseri, Türkiye	Elâzığ, Elazığ Merkez/Elazığ, Türkiye	3
55	38.674789	39.2225222	38.2799503	38.074967	123.944	106.88333333333334	2024-12-17 16:45:17.147539+03	Karapınar, Malatya - K.Maraş Yolu No:202, 44600 Akçadağ/Malatya, Türkiye	Elâzığ, Elazığ Merkez/Elazığ, Türkiye	3
56	39.9333927	32.8597381	36.8121331	34.6414537	508.026	288.71666666666664	2024-12-17 16:45:40.296917+03	Mersin, Akdeniz/Mersin, Türkiye	Ankara, Türkiye	3
57	38.6589074	39.2087383	38.355407	38.333368	97.948	75.85	2024-12-17 16:51:14.38499+03	Malatya, Türkiye	Hicret, Tadım Yolu Sk. No:34, 23040 Elazığ Merkez/Elazığ, Türkiye	3
58	38.6589074	39.2087383	38.355407	38.333368	97.948	75.85	2024-12-17 16:51:27.774132+03	Malatya, Türkiye	Hicret, Tadım Yolu Sk. No:34, 23040 Elazığ Merkez/Elazığ, Türkiye	3
59	38.674789	39.2225222	39.9333927	32.8597381	773.168	527.1166666666667	2024-12-17 16:51:47.433874+03	Ankara, Türkiye	Elâzığ, Elazığ Merkez/Elazığ, Türkiye	3
60	39.9333927	32.8597381	38.674789	39.2225222	779.45	527.8833333333333	2024-12-17 16:54:53.39651+03	Elâzığ, Elazığ Merkez/Elazığ, Türkiye	Ankara, Türkiye	3
61	39.9333927	32.8597381	38.674789	39.2225222	779.45	527.8833333333333	2024-12-17 16:55:17.971966+03	Elâzığ, Elazığ Merkez/Elazığ, Türkiye	Ankara, Türkiye	3
62	38.674789	39.2225222	39.9333927	32.8597381	773.168	527.1166666666667	2024-12-17 16:57:46.697258+03	Ankara, Türkiye	Elâzığ, Elazığ Merkez/Elazığ, Türkiye	3
63	38.7203794	35.4825504	39.92958369999999	27.2593962	871.604	590.4166666666666	2024-12-17 16:59:28.526906+03	Yenice, Çanakkale, Türkiye	Kayseri, Türkiye	3
64	38.7203794	35.4825504	39.92958369999999	27.2593962	871.604	590.4166666666666	2024-12-17 16:59:37.472009+03	Yenice, Çanakkale, Türkiye	Kayseri, Türkiye	3
65	41.00739069999999	28.9797586	39.9333927	32.8597381	448.238	284.93333333333334	2024-12-17 17:12:57.634306+03	Ankara, Türkiye	İstanbul, Türkiye	3
66	39.9333927	32.8597381	38.674789	39.2225222	779.45	527.8833333333333	2024-12-17 17:14:50.382842+03	Elâzığ, Elazığ Merkez/Elazığ, Türkiye	Ankara, Türkiye	3
67	38.8478121	35.855463	38.8499684	35.8578807	0.629	1.9833333333333334	2024-12-17 17:15:10.34264+03	Sağlık, Şht. Yusuf Uğur Cd. No:11, 38600 Bünyan/Kayseri, Türkiye	Bayramlı, 38600 Bünyan/Kayseri, Türkiye	3
68	39.9333927	32.8597381	38.3552338	38.333455	681.357	448.73333333333335	2024-12-17 17:29:22.891876+03	Malatya, Türkiye	Ankara, Türkiye	3
69	38.8448591	35.6594179	39.3909391	26.8399632	941.688	592.9833333333333	2024-12-17 17:29:52.558593+03	Gömeç, Balıkesir, Türkiye	Gömeç, Sivas Yolu No:38095, 38095 Kocasinan/Kayseri, Türkiye	3
70	38.8448591	35.6594179	39.3909391	26.8399632	941.688	592.9833333333333	2024-12-17 17:30:11.868526+03	Gömeç, Balıkesir, Türkiye	Gömeç, Sivas Yolu No:38095, 38095 Kocasinan/Kayseri, Türkiye	3
71	39.85012	32.87578999999999	38.7203994	35.4824994	343.163	223.73333333333332	2024-12-17 17:32:50.201308+03	Kayseri, Türkiye	VV2G+J6, Çankaya/Ankara, Türkiye	3
72	38.6694217	39.2279743	38.355407	38.333368	100.895	80.53333333333333	2024-12-17 17:33:04.929968+03	Malatya, Türkiye	Rüstem Paşa, Şht. Er Y. Aydın Özdemir Sk No:22, 23100 Elazığ Merkez/Elazığ, Türkiye	3
73	38.3554356	38.3335576	38.7203994	35.4824994	334.454	242.98333333333332	2024-12-17 22:16:49.626927+03	Kayseri, Türkiye	Malatya, Türkiye	3
74	38.6727059	39.2078212	36.8968683	30.7133211	1005.043	733.5666666666667	2024-12-17 22:37:46.838306+03	Antalya, Türkiye	Kültür, Fidan Sk. No:12, 23100 Elazığ Merkez/Elazığ, Türkiye	3
75	38.6727059	39.2078212	38.9258235	35.0740449	479.457	347.1666666666667	2024-12-17 22:38:06.172981+03	Himmetdede, Kayseri Kırşehir Yolu, 38090 Kocasinan/Kayseri, Türkiye	Kültür, Fidan Sk. No:12, 23100 Elazığ Merkez/Elazığ, Türkiye	3
76	37.8746499	32.493124	36.9914683	35.3307805	344.568	236.73333333333332	2024-12-17 22:38:28.054015+03	Adana, Reşatbey, Seyhan/Adana, Türkiye	Konya, Türkiye	3
77	38.0252728	32.5080815	38.0153558	32.5179168	3.028	6.666666666666667	2024-12-17 22:38:58.673383+03	Soner Sk No:1P,Bosna Hersek Mahallesi, 42250 Selçuklu/Konya, Bosna Hersek, 42250 Selçuklu/Konya, Türkiye	Akademi, Selçuk Ünv. Alaaddin Keykubat Kampüsü No:325, 42250 Selçuklu/Konya, Türkiye	3
78	38.0252728	32.5080815	38.0153558	32.5179168	3.028	6.666666666666667	2024-12-17 22:39:07.061955+03	Soner Sk No:1P,Bosna Hersek Mahallesi, 42250 Selçuklu/Konya, Bosna Hersek, 42250 Selçuklu/Konya, Türkiye	Akademi, Selçuk Ünv. Alaaddin Keykubat Kampüsü No:325, 42250 Selçuklu/Konya, Türkiye	3
79	38.6694427	39.202964	38.675251	39.2176503	1.707	4.45	2024-12-18 11:33:05.692352+03	Nail Bey, Gazi Cd. No:51 D:b, 23100 Elazığ Merkez/Elazığ, Türkiye	Olgunlar, Atatürk Blv. No:41, 23100 Elazığ Merkez/Elazığ, Türkiye	3
80	38.68137530000001	39.1983523	38.3608579	38.1859143	113.184	96.31666666666666	2024-12-18 11:35:00.924628+03	2. OSB, D875, 44110 Yeşilyurt/Malatya, Türkiye	Üniversite, Fırat Ünv. No:10, 23200 Elazığ Merkez/Elazığ, Türkiye	3
81	38.6632522	39.2484411	38.66730039999999	39.2424967	0.875	2.45	2024-12-18 18:23:36.724318+03	Sanayi, Sanayi Cd. 50/b, 23100 Elazığ Merkez/Elazığ, Türkiye	Karşıyaka, Cahit Dalokay Blv. No:65, 23100 Elazığ Merkez/Elazığ, Türkiye	3
82	38.6790175	39.2191177	38.330114	38.4403284	88.703	72.98333333333333	2024-12-22 13:41:19.358424+03	Üzümlü, İnönü Ünv., 44000 Battalgazi/Malatya, Türkiye	İzzet Paşa, Şht. Polis Hasan Doğan Sk. No:10, 23200 Elazığ Merkez/Elazığ, Türkiye	3
83	38.685016	39.2467853	38.6632522	39.2484411	4.197	7.95	2024-12-22 14:08:46.210383+03	Karşıyaka, Cahit Dalokay Blv. No:65, 23100 Elazığ Merkez/Elazığ, Türkiye	Kırklar, Seçkin Sk. No:30, 23300 Elazığ Merkez/Elazığ, Türkiye	3
84	38.6590372	39.2586573	38.6686758	39.2474001	1.944	4.433333333333334	2024-12-22 14:09:15.736074+03	Sanayi Sitesi, 33. Sk. No:26, 23190 Elazığ Merkez/Elazığ, Türkiye	Karşıyaka Mah., Elazığ, Elâzığ Merkez, Elazığ, Doğu Anadolu Bölgesi, 23280, Türkiye Elazığ, Karşıyaka, 23280 Elazığ Merkez/TR, Türkiye	3
85	38.674789	39.2225222	38.330114	38.4403284	88.747	72.6	2024-12-22 14:09:56.321306+03	Üzümlü, İnönü Ünv., 44000 Battalgazi/Malatya, Türkiye	Elâzığ, Elazığ Merkez/Elazığ, Türkiye	3
86	38.6495672	39.1387023	38.6573764	39.1450437	1.655	2.933333333333333	2024-12-22 14:10:48.504521+03	Abdullah Paşa, Mahallesi, 273. Sk., 23270 Elazığ Merkez/Elazığ, Türkiye	Abdullah Paşa, Malatya Cd. No:236A, 23270 Elazığ Merkez/Elazığ, Türkiye	3
87	38.6694427	39.202964	38.675037	39.2196667	2.261	5.8	2024-12-22 14:25:48.846565+03	Nail Bey, Gazi Cd. 29/A, 23100 Elazığ Merkez/Elazığ, Türkiye	Olgunlar, Atatürk Blv. No:41, 23100 Elazığ Merkez/Elazığ, Türkiye	3
88	38.6632597	39.2484639	38.6681374	39.25251610000001	1.151	2.4166666666666665	2024-12-22 14:49:12.710584+03	Salı Baba, Elazığ Merkez/Elazığ, Türkiye	Karşıyaka, Cahit Dalokay Blv. No:65, 23190 Elazığ Merkez/Elazığ, Türkiye	3
89	39.2211379	37.3698059	39.2304734	37.3849531	1.807	2	2024-12-22 14:49:59.44312+03	Reşadiye, Yeni Sivas Cd., 58900 Kangal/Sivas, Türkiye	Karşıyaka, Malatya - Sivas Yolu, 58902 Deligazili/Kangal/Sivas, Türkiye	3
91	40.9759589	28.8693786	41.21313139999999	28.7197791	39.374	40.233333333333334	2024-12-23 10:19:24.736485+03	Arnavutköy/İstanbul, Türkiye	Ataköy 1. Kısım, Ataköy 1. Kısım D Blok No:27, 34158 Bakırköy/İstanbul, Türkiye	3
92	39.9219565	32.8513427	39.9151703	32.7942478	6.929	11.966666666666667	2024-12-23 10:23:04.725819+03	Söğütözü, 06510 Çankaya/Ankara, Türkiye	Kızılay, 06420 Çankaya/Ankara, Türkiye	3
93	41.0132401	28.81577759999999	40.9907866	28.8961604	10.722	16.216666666666665	2024-12-23 13:17:41.005471+03	Zeytinburnu, Sümer, 34025 Zeytinburnu/İstanbul, Türkiye	Yenibosna Merkez, Bahçelievler/İstanbul, Türkiye	3
94	38.7137985	39.233064	38.6990985	39.2548496	10.197	14.383333333333333	2024-12-23 13:19:01.772805+03	Km, Ulu Kent, Harput Yolu No:4, 23300 Elazığ Merkez/Elazığ, Türkiye	Esen Tepe, P67M+G6, 23350 Gümüşbağlar/Elazığ Merkez/Elazığ, Türkiye	3
95	41.0132401	28.81577759999999	39.9333927	32.8597381	498.3	299.3	2024-12-25 16:50:46.825041+03	Ankara, Türkiye	Yenibosna Merkez, Bahçelievler/İstanbul, Türkiye	3
96	41.00739069999999	28.9797586	38.4235127	27.1424722	481.582	313.0833333333333	2024-12-25 17:50:04.748988+03	İzmir, Türkiye	İstanbul, Türkiye	3
97	38.6313163	39.2557604	38.6392659	39.2531932	1.287	3.95	2024-12-25 20:29:15.151865+03	Gümüş Kavak, Çelikdemir Sk., 23090 Elazığ Merkez/Elazığ, Türkiye	Yeşilkuşak, 23350 Akçakiraz/Elâzığ Merkez/Elazığ yakınında, Yeşilkuşak, KEKLİKTEPE TİCARET MERKEZİ, Diyarbakır Elazığ Yolu No:180, 23350 Akçakiraz/Elazığ Merkez/Elazığ, Türkiye	3
98	41.00739069999999	28.9797586	40.9274877	29.4363786	54.659	58.083333333333336	2024-12-25 20:33:57.771747+03	Akfırat, Kuzey Marmara Otoyolu No:51, 34959 Tuzla/İstanbul, Türkiye	İstanbul, Türkiye	3
\.


--
-- TOC entry 5039 (class 0 OID 17003)
-- Dependencies: 251
-- Data for Name: kullanicibilgileri_usercarpreference; Type: TABLE DATA; Schema: public; Owner: yusuf
--

COPY public.kullanicibilgileri_usercarpreference (id, selected_at, selected_car_id, user_id) FROM stdin;
1	2024-12-17 14:30:19.013478+03	2	11
2	2024-12-25 17:31:16.835591+03	429	3
\.


--
-- TOC entry 5027 (class 0 OID 16738)
-- Dependencies: 239
-- Data for Name: user_users; Type: TABLE DATA; Schema: public; Owner: yusuf
--

COPY public.user_users (user_id, name, email, password, role, create_time) FROM stdin;
1	yusuf	adsf@gmail.com	sdfas	t	2024-10-20 13:45:48.886446+03
2	karaman	mdsfs@gmail.com	1234	f	2024-10-20 13:56:34.679527+03
3	mete	asdfsdsadf	adsfsafs	t	2024-10-21 13:15:27.675428+03
\.


--
-- TOC entry 5033 (class 0 OID 16788)
-- Dependencies: 245
-- Data for Name: İletişim_i̇letişim; Type: TABLE DATA; Schema: public; Owner: yusuf
--

COPY public."İletişim_i̇letişim" (id, telefon, mail, faks, adres) FROM stdin;
\.


--
-- TOC entry 5047 (class 0 OID 0)
-- Dependencies: 240
-- Name: araclar_araclar_id_seq; Type: SEQUENCE SET; Schema: public; Owner: yusuf
--

SELECT pg_catalog.setval('public.araclar_araclar_id_seq', 1, false);


--
-- TOC entry 5048 (class 0 OID 0)
-- Dependencies: 223
-- Name: auth_group_id_seq; Type: SEQUENCE SET; Schema: public; Owner: yusuf
--

SELECT pg_catalog.setval('public.auth_group_id_seq', 1, false);


--
-- TOC entry 5049 (class 0 OID 0)
-- Dependencies: 225
-- Name: auth_group_permissions_id_seq; Type: SEQUENCE SET; Schema: public; Owner: yusuf
--

SELECT pg_catalog.setval('public.auth_group_permissions_id_seq', 1, false);


--
-- TOC entry 5050 (class 0 OID 0)
-- Dependencies: 221
-- Name: auth_permission_id_seq; Type: SEQUENCE SET; Schema: public; Owner: yusuf
--

SELECT pg_catalog.setval('public.auth_permission_id_seq', 76, true);


--
-- TOC entry 5051 (class 0 OID 0)
-- Dependencies: 229
-- Name: auth_user_groups_id_seq; Type: SEQUENCE SET; Schema: public; Owner: yusuf
--

SELECT pg_catalog.setval('public.auth_user_groups_id_seq', 1, false);


--
-- TOC entry 5052 (class 0 OID 0)
-- Dependencies: 227
-- Name: auth_user_id_seq; Type: SEQUENCE SET; Schema: public; Owner: yusuf
--

SELECT pg_catalog.setval('public.auth_user_id_seq', 14, true);


--
-- TOC entry 5053 (class 0 OID 0)
-- Dependencies: 231
-- Name: auth_user_user_permissions_id_seq; Type: SEQUENCE SET; Schema: public; Owner: yusuf
--

SELECT pg_catalog.setval('public.auth_user_user_permissions_id_seq', 1, false);


--
-- TOC entry 5054 (class 0 OID 0)
-- Dependencies: 236
-- Name: bız_aboutus_id_seq; Type: SEQUENCE SET; Schema: public; Owner: yusuf
--

SELECT pg_catalog.setval('public."bız_aboutus_id_seq"', 4, true);


--
-- TOC entry 5055 (class 0 OID 0)
-- Dependencies: 233
-- Name: django_admin_log_id_seq; Type: SEQUENCE SET; Schema: public; Owner: yusuf
--

SELECT pg_catalog.setval('public.django_admin_log_id_seq', 17, true);


--
-- TOC entry 5056 (class 0 OID 0)
-- Dependencies: 219
-- Name: django_content_type_id_seq; Type: SEQUENCE SET; Schema: public; Owner: yusuf
--

SELECT pg_catalog.setval('public.django_content_type_id_seq', 18, true);


--
-- TOC entry 5057 (class 0 OID 0)
-- Dependencies: 217
-- Name: django_migrations_id_seq; Type: SEQUENCE SET; Schema: public; Owner: yusuf
--

SELECT pg_catalog.setval('public.django_migrations_id_seq', 34, true);


--
-- TOC entry 5058 (class 0 OID 0)
-- Dependencies: 248
-- Name: electric_cars_id_seq; Type: SEQUENCE SET; Schema: public; Owner: yusuf
--

SELECT pg_catalog.setval('public.electric_cars_id_seq', 431, true);


--
-- TOC entry 5059 (class 0 OID 0)
-- Dependencies: 242
-- Name: hakkimizda_hakkimizda_id_seq; Type: SEQUENCE SET; Schema: public; Owner: yusuf
--

SELECT pg_catalog.setval('public.hakkimizda_hakkimizda_id_seq', 1, false);


--
-- TOC entry 5060 (class 0 OID 0)
-- Dependencies: 246
-- Name: harita_routehistory_id_seq; Type: SEQUENCE SET; Schema: public; Owner: yusuf
--

SELECT pg_catalog.setval('public.harita_routehistory_id_seq', 98, true);


--
-- TOC entry 5061 (class 0 OID 0)
-- Dependencies: 250
-- Name: kullanicibilgileri_usercarpreference_id_seq; Type: SEQUENCE SET; Schema: public; Owner: yusuf
--

SELECT pg_catalog.setval('public.kullanicibilgileri_usercarpreference_id_seq', 2, true);


--
-- TOC entry 5062 (class 0 OID 0)
-- Dependencies: 238
-- Name: user_users_user_id_seq; Type: SEQUENCE SET; Schema: public; Owner: yusuf
--

SELECT pg_catalog.setval('public.user_users_user_id_seq', 3, true);


--
-- TOC entry 5063 (class 0 OID 0)
-- Dependencies: 244
-- Name: İletişim_i̇letişim_id_seq; Type: SEQUENCE SET; Schema: public; Owner: yusuf
--

SELECT pg_catalog.setval('public."İletişim_i̇letişim_id_seq"', 1, false);


--
-- TOC entry 4833 (class 2606 OID 16778)
-- Name: araclar_araclar araclar_araclar_pkey; Type: CONSTRAINT; Schema: public; Owner: yusuf
--

ALTER TABLE ONLY public.araclar_araclar
    ADD CONSTRAINT araclar_araclar_pkey PRIMARY KEY (id);


--
-- TOC entry 4794 (class 2606 OID 16643)
-- Name: auth_group auth_group_name_key; Type: CONSTRAINT; Schema: public; Owner: yusuf
--

ALTER TABLE ONLY public.auth_group
    ADD CONSTRAINT auth_group_name_key UNIQUE (name);


--
-- TOC entry 4799 (class 2606 OID 16574)
-- Name: auth_group_permissions auth_group_permissions_group_id_permission_id_0cd325b0_uniq; Type: CONSTRAINT; Schema: public; Owner: yusuf
--

ALTER TABLE ONLY public.auth_group_permissions
    ADD CONSTRAINT auth_group_permissions_group_id_permission_id_0cd325b0_uniq UNIQUE (group_id, permission_id);


--
-- TOC entry 4802 (class 2606 OID 16543)
-- Name: auth_group_permissions auth_group_permissions_pkey; Type: CONSTRAINT; Schema: public; Owner: yusuf
--

ALTER TABLE ONLY public.auth_group_permissions
    ADD CONSTRAINT auth_group_permissions_pkey PRIMARY KEY (id);


--
-- TOC entry 4796 (class 2606 OID 16535)
-- Name: auth_group auth_group_pkey; Type: CONSTRAINT; Schema: public; Owner: yusuf
--

ALTER TABLE ONLY public.auth_group
    ADD CONSTRAINT auth_group_pkey PRIMARY KEY (id);


--
-- TOC entry 4789 (class 2606 OID 16565)
-- Name: auth_permission auth_permission_content_type_id_codename_01ab375a_uniq; Type: CONSTRAINT; Schema: public; Owner: yusuf
--

ALTER TABLE ONLY public.auth_permission
    ADD CONSTRAINT auth_permission_content_type_id_codename_01ab375a_uniq UNIQUE (content_type_id, codename);


--
-- TOC entry 4791 (class 2606 OID 16529)
-- Name: auth_permission auth_permission_pkey; Type: CONSTRAINT; Schema: public; Owner: yusuf
--

ALTER TABLE ONLY public.auth_permission
    ADD CONSTRAINT auth_permission_pkey PRIMARY KEY (id);


--
-- TOC entry 4810 (class 2606 OID 16557)
-- Name: auth_user_groups auth_user_groups_pkey; Type: CONSTRAINT; Schema: public; Owner: yusuf
--

ALTER TABLE ONLY public.auth_user_groups
    ADD CONSTRAINT auth_user_groups_pkey PRIMARY KEY (id);


--
-- TOC entry 4813 (class 2606 OID 16589)
-- Name: auth_user_groups auth_user_groups_user_id_group_id_94350c0c_uniq; Type: CONSTRAINT; Schema: public; Owner: yusuf
--

ALTER TABLE ONLY public.auth_user_groups
    ADD CONSTRAINT auth_user_groups_user_id_group_id_94350c0c_uniq UNIQUE (user_id, group_id);


--
-- TOC entry 4804 (class 2606 OID 16549)
-- Name: auth_user auth_user_pkey; Type: CONSTRAINT; Schema: public; Owner: yusuf
--

ALTER TABLE ONLY public.auth_user
    ADD CONSTRAINT auth_user_pkey PRIMARY KEY (id);


--
-- TOC entry 4816 (class 2606 OID 16563)
-- Name: auth_user_user_permissions auth_user_user_permissions_pkey; Type: CONSTRAINT; Schema: public; Owner: yusuf
--

ALTER TABLE ONLY public.auth_user_user_permissions
    ADD CONSTRAINT auth_user_user_permissions_pkey PRIMARY KEY (id);


--
-- TOC entry 4819 (class 2606 OID 16603)
-- Name: auth_user_user_permissions auth_user_user_permissions_user_id_permission_id_14a6b632_uniq; Type: CONSTRAINT; Schema: public; Owner: yusuf
--

ALTER TABLE ONLY public.auth_user_user_permissions
    ADD CONSTRAINT auth_user_user_permissions_user_id_permission_id_14a6b632_uniq UNIQUE (user_id, permission_id);


--
-- TOC entry 4807 (class 2606 OID 16638)
-- Name: auth_user auth_user_username_key; Type: CONSTRAINT; Schema: public; Owner: yusuf
--

ALTER TABLE ONLY public.auth_user
    ADD CONSTRAINT auth_user_username_key UNIQUE (username);


--
-- TOC entry 4829 (class 2606 OID 16723)
-- Name: bız_aboutus bız_aboutus_pkey; Type: CONSTRAINT; Schema: public; Owner: yusuf
--

ALTER TABLE ONLY public."bız_aboutus"
    ADD CONSTRAINT "bız_aboutus_pkey" PRIMARY KEY (id);


--
-- TOC entry 4822 (class 2606 OID 16624)
-- Name: django_admin_log django_admin_log_pkey; Type: CONSTRAINT; Schema: public; Owner: yusuf
--

ALTER TABLE ONLY public.django_admin_log
    ADD CONSTRAINT django_admin_log_pkey PRIMARY KEY (id);


--
-- TOC entry 4784 (class 2606 OID 16523)
-- Name: django_content_type django_content_type_app_label_model_76bd3d3b_uniq; Type: CONSTRAINT; Schema: public; Owner: yusuf
--

ALTER TABLE ONLY public.django_content_type
    ADD CONSTRAINT django_content_type_app_label_model_76bd3d3b_uniq UNIQUE (app_label, model);


--
-- TOC entry 4786 (class 2606 OID 16521)
-- Name: django_content_type django_content_type_pkey; Type: CONSTRAINT; Schema: public; Owner: yusuf
--

ALTER TABLE ONLY public.django_content_type
    ADD CONSTRAINT django_content_type_pkey PRIMARY KEY (id);


--
-- TOC entry 4782 (class 2606 OID 16515)
-- Name: django_migrations django_migrations_pkey; Type: CONSTRAINT; Schema: public; Owner: yusuf
--

ALTER TABLE ONLY public.django_migrations
    ADD CONSTRAINT django_migrations_pkey PRIMARY KEY (id);


--
-- TOC entry 4826 (class 2606 OID 16651)
-- Name: django_session django_session_pkey; Type: CONSTRAINT; Schema: public; Owner: yusuf
--

ALTER TABLE ONLY public.django_session
    ADD CONSTRAINT django_session_pkey PRIMARY KEY (session_key);


--
-- TOC entry 4842 (class 2606 OID 16997)
-- Name: electric_cars electric_cars_pkey; Type: CONSTRAINT; Schema: public; Owner: yusuf
--

ALTER TABLE ONLY public.electric_cars
    ADD CONSTRAINT electric_cars_pkey PRIMARY KEY (id);


--
-- TOC entry 4835 (class 2606 OID 16786)
-- Name: hakkimizda_hakkimizda hakkimizda_hakkimizda_pkey; Type: CONSTRAINT; Schema: public; Owner: yusuf
--

ALTER TABLE ONLY public.hakkimizda_hakkimizda
    ADD CONSTRAINT hakkimizda_hakkimizda_pkey PRIMARY KEY (id);


--
-- TOC entry 4839 (class 2606 OID 16922)
-- Name: harita_routehistory harita_routehistory_pkey; Type: CONSTRAINT; Schema: public; Owner: yusuf
--

ALTER TABLE ONLY public.harita_routehistory
    ADD CONSTRAINT harita_routehistory_pkey PRIMARY KEY (id);


--
-- TOC entry 4844 (class 2606 OID 17007)
-- Name: kullanicibilgileri_usercarpreference kullanicibilgileri_usercarpreference_pkey; Type: CONSTRAINT; Schema: public; Owner: yusuf
--

ALTER TABLE ONLY public.kullanicibilgileri_usercarpreference
    ADD CONSTRAINT kullanicibilgileri_usercarpreference_pkey PRIMARY KEY (id);


--
-- TOC entry 4847 (class 2606 OID 17009)
-- Name: kullanicibilgileri_usercarpreference kullanicibilgileri_usercarpreference_user_id_key; Type: CONSTRAINT; Schema: public; Owner: yusuf
--

ALTER TABLE ONLY public.kullanicibilgileri_usercarpreference
    ADD CONSTRAINT kullanicibilgileri_usercarpreference_user_id_key UNIQUE (user_id);


--
-- TOC entry 4831 (class 2606 OID 16742)
-- Name: user_users user_users_pkey; Type: CONSTRAINT; Schema: public; Owner: yusuf
--

ALTER TABLE ONLY public.user_users
    ADD CONSTRAINT user_users_pkey PRIMARY KEY (user_id);


--
-- TOC entry 4837 (class 2606 OID 16792)
-- Name: İletişim_i̇letişim İletişim_i̇letişim_pkey; Type: CONSTRAINT; Schema: public; Owner: yusuf
--

ALTER TABLE ONLY public."İletişim_i̇letişim"
    ADD CONSTRAINT "İletişim_i̇letişim_pkey" PRIMARY KEY (id);


--
-- TOC entry 4792 (class 1259 OID 16644)
-- Name: auth_group_name_a6ea08ec_like; Type: INDEX; Schema: public; Owner: yusuf
--

CREATE INDEX auth_group_name_a6ea08ec_like ON public.auth_group USING btree (name varchar_pattern_ops);


--
-- TOC entry 4797 (class 1259 OID 16585)
-- Name: auth_group_permissions_group_id_b120cbf9; Type: INDEX; Schema: public; Owner: yusuf
--

CREATE INDEX auth_group_permissions_group_id_b120cbf9 ON public.auth_group_permissions USING btree (group_id);


--
-- TOC entry 4800 (class 1259 OID 16586)
-- Name: auth_group_permissions_permission_id_84c5c92e; Type: INDEX; Schema: public; Owner: yusuf
--

CREATE INDEX auth_group_permissions_permission_id_84c5c92e ON public.auth_group_permissions USING btree (permission_id);


--
-- TOC entry 4787 (class 1259 OID 16571)
-- Name: auth_permission_content_type_id_2f476e4b; Type: INDEX; Schema: public; Owner: yusuf
--

CREATE INDEX auth_permission_content_type_id_2f476e4b ON public.auth_permission USING btree (content_type_id);


--
-- TOC entry 4808 (class 1259 OID 16601)
-- Name: auth_user_groups_group_id_97559544; Type: INDEX; Schema: public; Owner: yusuf
--

CREATE INDEX auth_user_groups_group_id_97559544 ON public.auth_user_groups USING btree (group_id);


--
-- TOC entry 4811 (class 1259 OID 16600)
-- Name: auth_user_groups_user_id_6a12ed8b; Type: INDEX; Schema: public; Owner: yusuf
--

CREATE INDEX auth_user_groups_user_id_6a12ed8b ON public.auth_user_groups USING btree (user_id);


--
-- TOC entry 4814 (class 1259 OID 16615)
-- Name: auth_user_user_permissions_permission_id_1fbb5f2c; Type: INDEX; Schema: public; Owner: yusuf
--

CREATE INDEX auth_user_user_permissions_permission_id_1fbb5f2c ON public.auth_user_user_permissions USING btree (permission_id);


--
-- TOC entry 4817 (class 1259 OID 16614)
-- Name: auth_user_user_permissions_user_id_a95ead1b; Type: INDEX; Schema: public; Owner: yusuf
--

CREATE INDEX auth_user_user_permissions_user_id_a95ead1b ON public.auth_user_user_permissions USING btree (user_id);


--
-- TOC entry 4805 (class 1259 OID 16639)
-- Name: auth_user_username_6821ab7c_like; Type: INDEX; Schema: public; Owner: yusuf
--

CREATE INDEX auth_user_username_6821ab7c_like ON public.auth_user USING btree (username varchar_pattern_ops);


--
-- TOC entry 4820 (class 1259 OID 16635)
-- Name: django_admin_log_content_type_id_c4bce8eb; Type: INDEX; Schema: public; Owner: yusuf
--

CREATE INDEX django_admin_log_content_type_id_c4bce8eb ON public.django_admin_log USING btree (content_type_id);


--
-- TOC entry 4823 (class 1259 OID 16636)
-- Name: django_admin_log_user_id_c564eba6; Type: INDEX; Schema: public; Owner: yusuf
--

CREATE INDEX django_admin_log_user_id_c564eba6 ON public.django_admin_log USING btree (user_id);


--
-- TOC entry 4824 (class 1259 OID 16653)
-- Name: django_session_expire_date_a5c62663; Type: INDEX; Schema: public; Owner: yusuf
--

CREATE INDEX django_session_expire_date_a5c62663 ON public.django_session USING btree (expire_date);


--
-- TOC entry 4827 (class 1259 OID 16652)
-- Name: django_session_session_key_c0390e0f_like; Type: INDEX; Schema: public; Owner: yusuf
--

CREATE INDEX django_session_session_key_c0390e0f_like ON public.django_session USING btree (session_key varchar_pattern_ops);


--
-- TOC entry 4840 (class 1259 OID 16990)
-- Name: harita_routehistory_user_id_bdb4953f; Type: INDEX; Schema: public; Owner: yusuf
--

CREATE INDEX harita_routehistory_user_id_bdb4953f ON public.harita_routehistory USING btree (user_id);


--
-- TOC entry 4845 (class 1259 OID 17020)
-- Name: kullanicibilgileri_usercarpreference_selected_car_id_ac5392de; Type: INDEX; Schema: public; Owner: yusuf
--

CREATE INDEX kullanicibilgileri_usercarpreference_selected_car_id_ac5392de ON public.kullanicibilgileri_usercarpreference USING btree (selected_car_id);


--
-- TOC entry 4849 (class 2606 OID 16580)
-- Name: auth_group_permissions auth_group_permissio_permission_id_84c5c92e_fk_auth_perm; Type: FK CONSTRAINT; Schema: public; Owner: yusuf
--

ALTER TABLE ONLY public.auth_group_permissions
    ADD CONSTRAINT auth_group_permissio_permission_id_84c5c92e_fk_auth_perm FOREIGN KEY (permission_id) REFERENCES public.auth_permission(id) DEFERRABLE INITIALLY DEFERRED;


--
-- TOC entry 4850 (class 2606 OID 16575)
-- Name: auth_group_permissions auth_group_permissions_group_id_b120cbf9_fk_auth_group_id; Type: FK CONSTRAINT; Schema: public; Owner: yusuf
--

ALTER TABLE ONLY public.auth_group_permissions
    ADD CONSTRAINT auth_group_permissions_group_id_b120cbf9_fk_auth_group_id FOREIGN KEY (group_id) REFERENCES public.auth_group(id) DEFERRABLE INITIALLY DEFERRED;


--
-- TOC entry 4848 (class 2606 OID 16566)
-- Name: auth_permission auth_permission_content_type_id_2f476e4b_fk_django_co; Type: FK CONSTRAINT; Schema: public; Owner: yusuf
--

ALTER TABLE ONLY public.auth_permission
    ADD CONSTRAINT auth_permission_content_type_id_2f476e4b_fk_django_co FOREIGN KEY (content_type_id) REFERENCES public.django_content_type(id) DEFERRABLE INITIALLY DEFERRED;


--
-- TOC entry 4851 (class 2606 OID 16595)
-- Name: auth_user_groups auth_user_groups_group_id_97559544_fk_auth_group_id; Type: FK CONSTRAINT; Schema: public; Owner: yusuf
--

ALTER TABLE ONLY public.auth_user_groups
    ADD CONSTRAINT auth_user_groups_group_id_97559544_fk_auth_group_id FOREIGN KEY (group_id) REFERENCES public.auth_group(id) DEFERRABLE INITIALLY DEFERRED;


--
-- TOC entry 4852 (class 2606 OID 16590)
-- Name: auth_user_groups auth_user_groups_user_id_6a12ed8b_fk_auth_user_id; Type: FK CONSTRAINT; Schema: public; Owner: yusuf
--

ALTER TABLE ONLY public.auth_user_groups
    ADD CONSTRAINT auth_user_groups_user_id_6a12ed8b_fk_auth_user_id FOREIGN KEY (user_id) REFERENCES public.auth_user(id) DEFERRABLE INITIALLY DEFERRED;


--
-- TOC entry 4853 (class 2606 OID 16609)
-- Name: auth_user_user_permissions auth_user_user_permi_permission_id_1fbb5f2c_fk_auth_perm; Type: FK CONSTRAINT; Schema: public; Owner: yusuf
--

ALTER TABLE ONLY public.auth_user_user_permissions
    ADD CONSTRAINT auth_user_user_permi_permission_id_1fbb5f2c_fk_auth_perm FOREIGN KEY (permission_id) REFERENCES public.auth_permission(id) DEFERRABLE INITIALLY DEFERRED;


--
-- TOC entry 4854 (class 2606 OID 16604)
-- Name: auth_user_user_permissions auth_user_user_permissions_user_id_a95ead1b_fk_auth_user_id; Type: FK CONSTRAINT; Schema: public; Owner: yusuf
--

ALTER TABLE ONLY public.auth_user_user_permissions
    ADD CONSTRAINT auth_user_user_permissions_user_id_a95ead1b_fk_auth_user_id FOREIGN KEY (user_id) REFERENCES public.auth_user(id) DEFERRABLE INITIALLY DEFERRED;


--
-- TOC entry 4855 (class 2606 OID 16625)
-- Name: django_admin_log django_admin_log_content_type_id_c4bce8eb_fk_django_co; Type: FK CONSTRAINT; Schema: public; Owner: yusuf
--

ALTER TABLE ONLY public.django_admin_log
    ADD CONSTRAINT django_admin_log_content_type_id_c4bce8eb_fk_django_co FOREIGN KEY (content_type_id) REFERENCES public.django_content_type(id) DEFERRABLE INITIALLY DEFERRED;


--
-- TOC entry 4856 (class 2606 OID 16630)
-- Name: django_admin_log django_admin_log_user_id_c564eba6_fk_auth_user_id; Type: FK CONSTRAINT; Schema: public; Owner: yusuf
--

ALTER TABLE ONLY public.django_admin_log
    ADD CONSTRAINT django_admin_log_user_id_c564eba6_fk_auth_user_id FOREIGN KEY (user_id) REFERENCES public.auth_user(id) DEFERRABLE INITIALLY DEFERRED;


--
-- TOC entry 4857 (class 2606 OID 16985)
-- Name: harita_routehistory harita_routehistory_user_id_bdb4953f_fk_auth_user_id; Type: FK CONSTRAINT; Schema: public; Owner: yusuf
--

ALTER TABLE ONLY public.harita_routehistory
    ADD CONSTRAINT harita_routehistory_user_id_bdb4953f_fk_auth_user_id FOREIGN KEY (user_id) REFERENCES public.auth_user(id) DEFERRABLE INITIALLY DEFERRED;


--
-- TOC entry 4858 (class 2606 OID 17010)
-- Name: kullanicibilgileri_usercarpreference kullanicibilgileri_u_selected_car_id_ac5392de_fk_electric_; Type: FK CONSTRAINT; Schema: public; Owner: yusuf
--

ALTER TABLE ONLY public.kullanicibilgileri_usercarpreference
    ADD CONSTRAINT kullanicibilgileri_u_selected_car_id_ac5392de_fk_electric_ FOREIGN KEY (selected_car_id) REFERENCES public.electric_cars(id) DEFERRABLE INITIALLY DEFERRED;


--
-- TOC entry 4859 (class 2606 OID 17015)
-- Name: kullanicibilgileri_usercarpreference kullanicibilgileri_u_user_id_b3f863b6_fk_auth_user; Type: FK CONSTRAINT; Schema: public; Owner: yusuf
--

ALTER TABLE ONLY public.kullanicibilgileri_usercarpreference
    ADD CONSTRAINT kullanicibilgileri_u_user_id_b3f863b6_fk_auth_user FOREIGN KEY (user_id) REFERENCES public.auth_user(id) DEFERRABLE INITIALLY DEFERRED;


--
-- TOC entry 5045 (class 0 OID 0)
-- Dependencies: 5
-- Name: SCHEMA public; Type: ACL; Schema: -; Owner: pg_database_owner
--

GRANT ALL ON SCHEMA public TO yusuf;


-- Completed on 2024-12-26 16:39:32

--
-- PostgreSQL database dump complete
--

